probe,layer_index,layer_number,mean_cv_auroc,std_cv_auroc,min_cv_auroc,max_cv_auroc
probe_a,0,1,1.0,0.0,1.0,1.0
probe_a,1,2,1.0,0.0,1.0,1.0
probe_a,2,3,1.0,0.0,1.0,1.0
probe_a,3,4,1.0,0.0,1.0,1.0
probe_a,4,5,1.0,0.0,1.0,1.0
probe_a,5,6,1.0,0.0,1.0,1.0
probe_a,6,7,1.0,0.0,1.0,1.0
probe_a,7,8,1.0,0.0,1.0,1.0
probe_a,8,9,1.0,0.0,1.0,1.0
probe_a,9,10,1.0,0.0,1.0,1.0
probe_a,10,11,1.0,0.0,1.0,1.0
probe_a,11,12,1.0,0.0,1.0,1.0
probe_a,12,13,1.0,0.0,1.0,1.0
probe_a,13,14,1.0,0.0,1.0,1.0
probe_a,14,15,1.0,0.0,1.0,1.0
probe_a,15,16,1.0,0.0,1.0,1.0
probe_a,16,17,1.0,0.0,1.0,1.0
probe_a,17,18,1.0,0.0,1.0,1.0
probe_a,18,19,1.0,0.0,1.0,1.0
probe_a,19,20,1.0,0.0,1.0,1.0
probe_a,20,21,1.0,0.0,1.0,1.0
probe_a,21,22,1.0,0.0,1.0,1.0
probe_a,22,23,1.0,0.0,1.0,1.0
probe_a,23,24,1.0,0.0,1.0,1.0
probe_a,24,25,1.0,0.0,1.0,1.0
probe_a,25,26,1.0,0.0,1.0,1.0
probe_a,26,27,1.0,0.0,1.0,1.0
probe_a,27,28,1.0,0.0,1.0,1.0
probe_a,28,29,1.0,0.0,1.0,1.0
probe_a,29,30,1.0,0.0,1.0,1.0
probe_a,30,31,1.0,0.0,1.0,1.0
probe_a,31,32,1.0,0.0,1.0,1.0
