probe,layer_index,layer_number,fold,n_fit,n_validation,validation_positives,validation_negatives,validation_auroc,fit_seconds,iterations
probe_a,0,1,0,336,84,42,42,1.0,0.16855210391804576,9
probe_a,0,1,1,336,84,42,42,1.0,0.10962362494319677,9
probe_a,0,1,2,336,84,42,42,1.0,0.18963989475741982,9
probe_a,0,1,3,336,84,42,42,1.0,0.1087476178072393,8
probe_a,0,1,4,336,84,42,42,1.0,0.1847504903562367,9
probe_a,1,2,0,336,84,42,42,1.0,0.11110149789601564,12
probe_a,1,2,1,336,84,42,42,1.0,0.1987690287642181,17
probe_a,1,2,2,336,84,42,42,1.0,0.10899477871134877,12
probe_a,1,2,3,336,84,42,42,1.0,0.11760344309732318,14
probe_a,1,2,4,336,84,42,42,1.0,0.18548018811270595,12
probe_a,2,3,0,336,84,42,42,1.0,0.10281139193102717,12
probe_a,2,3,1,336,84,42,42,1.0,0.19296838389709592,15
probe_a,2,3,2,336,84,42,42,1.0,0.11038830177858472,13
probe_a,2,3,3,336,84,42,42,1.0,0.10886152600869536,12
probe_a,2,3,4,336,84,42,42,1.0,0.19731623167172074,14
probe_a,3,4,0,336,84,42,42,1.0,0.10856823902577162,9
probe_a,3,4,1,336,84,42,42,1.0,0.1036391737870872,9
probe_a,3,4,2,336,84,42,42,1.0,0.021998689975589514,9
probe_a,3,4,3,336,84,42,42,1.0,0.10874411603435874,9
probe_a,3,4,4,336,84,42,42,1.0,0.18855098774656653,8
probe_a,4,5,0,336,84,42,42,1.0,0.10716950800269842,10
probe_a,4,5,1,336,84,42,42,1.0,0.10217148019000888,8
probe_a,4,5,2,336,84,42,42,1.0,0.10716472286731005,9
probe_a,4,5,3,336,84,42,42,1.0,0.1860229312442243,10
probe_a,4,5,4,336,84,42,42,1.0,0.10614823689684272,9
probe_a,5,6,0,336,84,42,42,1.0,0.18909093691036105,10
probe_a,5,6,1,336,84,42,42,1.0,0.10275439266115427,10
probe_a,5,6,2,336,84,42,42,1.0,0.1070715538226068,9
probe_a,5,6,3,336,84,42,42,1.0,0.19219791516661644,10
probe_a,5,6,4,336,84,42,42,1.0,0.18596108118072152,7
probe_a,6,7,0,336,84,42,42,1.0,0.10905219335108995,8
probe_a,6,7,1,336,84,42,42,1.0,0.18566650710999966,8
probe_a,6,7,2,336,84,42,42,1.0,0.10606616083532572,7
probe_a,6,7,3,336,84,42,42,1.0,0.1851113922894001,9
probe_a,6,7,4,336,84,42,42,1.0,0.1043670135550201,4
probe_a,7,8,0,336,84,42,42,1.0,0.1838602079078555,5
probe_a,7,8,1,336,84,42,42,1.0,0.10601480957120657,7
probe_a,7,8,2,336,84,42,42,1.0,0.18493905197829008,5
probe_a,7,8,3,336,84,42,42,1.0,0.020035767927765846,5
probe_a,7,8,4,336,84,42,42,1.0,0.18541166931390762,9
probe_a,8,9,0,336,84,42,42,1.0,0.18792447121813893,8
probe_a,8,9,1,336,84,42,42,1.0,0.1057784422300756,7
probe_a,8,9,2,336,84,42,42,1.0,0.18588632810860872,7
probe_a,8,9,3,336,84,42,42,1.0,0.10415084706619382,5
probe_a,8,9,4,336,84,42,42,1.0,0.18733033491298556,4
probe_a,9,10,0,336,84,42,42,1.0,0.10457601910457015,9
probe_a,9,10,1,336,84,42,42,1.0,0.18980379682034254,9
probe_a,9,10,2,336,84,42,42,1.0,0.10590905090793967,9
probe_a,9,10,3,336,84,42,42,1.0,0.19302548002451658,8
probe_a,9,10,4,336,84,42,42,1.0,0.10034117940813303,6
probe_a,10,11,0,336,84,42,42,1.0,0.11010403791442513,10
probe_a,10,11,1,336,84,42,42,1.0,0.18676833901554346,9
probe_a,10,11,2,336,84,42,42,1.0,0.10694717103615403,9
probe_a,10,11,3,336,84,42,42,1.0,0.10760040814056993,10
probe_a,10,11,4,336,84,42,42,1.0,0.10090097598731518,8
probe_a,11,12,0,336,84,42,42,1.0,0.10641918797045946,8
probe_a,11,12,1,336,84,42,42,1.0,0.18590959580615163,8
probe_a,11,12,2,336,84,42,42,1.0,0.10680990619584918,8
probe_a,11,12,3,336,84,42,42,1.0,0.1852878350764513,8
probe_a,11,12,4,336,84,42,42,1.0,0.01688344730064273,8
probe_a,12,13,0,336,84,42,42,1.0,0.18102810205891728,8
probe_a,12,13,1,336,84,42,42,1.0,0.10497366078197956,5
probe_a,12,13,2,336,84,42,42,1.0,0.18612808734178543,9
probe_a,12,13,3,336,84,42,42,1.0,0.10679254401475191,9
probe_a,12,13,4,336,84,42,42,1.0,0.18562331702560186,9
probe_a,13,14,0,336,84,42,42,1.0,0.10720073524862528,9
probe_a,13,14,1,336,84,42,42,1.0,0.18500681594014168,9
probe_a,13,14,2,336,84,42,42,1.0,0.10483669210225344,6
probe_a,13,14,3,336,84,42,42,1.0,0.18962703505530953,9
probe_a,13,14,4,336,84,42,42,1.0,0.18833709182217717,9
probe_a,14,15,0,336,84,42,42,1.0,0.10612962488085032,9
probe_a,14,15,1,336,84,42,42,1.0,0.18903733370825648,9
probe_a,14,15,2,336,84,42,42,1.0,0.01570080779492855,8
probe_a,14,15,3,336,84,42,42,1.0,0.2800469109788537,9
probe_a,14,15,4,336,84,42,42,1.0,0.10448456509038806,8
probe_a,15,16,0,336,84,42,42,1.0,0.1914695887826383,9
probe_a,15,16,1,336,84,42,42,1.0,0.1046594507060945,8
probe_a,15,16,2,336,84,42,42,1.0,0.1850277711637318,8
probe_a,15,16,3,336,84,42,42,1.0,0.10553722688928246,8
probe_a,15,16,4,336,84,42,42,1.0,0.18754681898280978,9
probe_a,16,17,0,336,84,42,42,1.0,0.1050083632580936,9
probe_a,16,17,1,336,84,42,42,1.0,0.1879000528715551,8
probe_a,16,17,2,336,84,42,42,1.0,0.1034760600887239,7
probe_a,16,17,3,336,84,42,42,1.0,0.18863805383443832,8
probe_a,16,17,4,336,84,42,42,1.0,0.10382396401837468,8
probe_a,17,18,0,336,84,42,42,1.0,0.18781473394483328,9
probe_a,17,18,1,336,84,42,42,1.0,0.10653929458931088,8
probe_a,17,18,2,336,84,42,42,1.0,0.2831119578331709,7
probe_a,17,18,3,336,84,42,42,1.0,0.10565278492867947,8
probe_a,17,18,4,336,84,42,42,1.0,0.1887451601214707,9
probe_a,18,19,0,336,84,42,42,1.0,0.10577158303931355,9
probe_a,18,19,1,336,84,42,42,1.0,0.18759274715557694,8
probe_a,18,19,2,336,84,42,42,1.0,0.10446677496656775,8
probe_a,18,19,3,336,84,42,42,1.0,0.1882916376926005,9
probe_a,18,19,4,336,84,42,42,1.0,0.10503168078139424,9
probe_a,19,20,0,336,84,42,42,1.0,0.1877389489673078,9
probe_a,19,20,1,336,84,42,42,1.0,0.01804555207490921,13
probe_a,19,20,2,336,84,42,42,1.0,0.10509193316102028,6
probe_a,19,20,3,336,84,42,42,1.0,0.19170789700001478,15
probe_a,19,20,4,336,84,42,42,1.0,0.10564609710127115,9
probe_a,20,21,0,336,84,42,42,1.0,0.1883115372620523,9
probe_a,20,21,1,336,84,42,42,1.0,0.10792047902941704,14
probe_a,20,21,2,336,84,42,42,1.0,0.10808500600978732,12
probe_a,20,21,3,336,84,42,42,1.0,0.1887896927073598,9
probe_a,20,21,4,336,84,42,42,1.0,0.10426132520660758,8
probe_a,21,22,0,336,84,42,42,1.0,0.18821085197851062,9
probe_a,21,22,1,336,84,42,42,1.0,0.10487784119322896,9
probe_a,21,22,2,336,84,42,42,1.0,0.18738840008154511,8
probe_a,21,22,3,336,84,42,42,1.0,0.01553023885935545,9
probe_a,21,22,4,336,84,42,42,1.0,0.185019473079592,9
probe_a,22,23,0,336,84,42,42,1.0,0.10776038700714707,8
probe_a,22,23,1,336,84,42,42,1.0,0.18570806505158544,12
probe_a,22,23,2,336,84,42,42,1.0,0.19200448179617524,13
probe_a,22,23,3,336,84,42,42,1.0,0.10525067755952477,7
probe_a,22,23,4,336,84,42,42,1.0,0.18599870102480054,8
probe_a,23,24,0,336,84,42,42,1.0,0.10468849819153547,8
probe_a,23,24,1,336,84,42,42,1.0,0.19086857233196497,10
probe_a,23,24,2,336,84,42,42,1.0,0.10637851199135184,12
probe_a,23,24,3,336,84,42,42,1.0,0.199367537163198,15
probe_a,23,24,4,336,84,42,42,1.0,0.10962265729904175,9
probe_a,24,25,0,336,84,42,42,1.0,0.18554546870291233,9
probe_a,24,25,1,336,84,42,42,1.0,0.10745818400755525,12
probe_a,24,25,2,336,84,42,42,1.0,0.10635139420628548,8
probe_a,24,25,3,336,84,42,42,1.0,0.19297137996181846,15
probe_a,24,25,4,336,84,42,42,1.0,0.015526159666478634,9
probe_a,25,26,0,336,84,42,42,1.0,0.1832872787490487,9
probe_a,25,26,1,336,84,42,42,1.0,0.10583314811810851,10
probe_a,25,26,2,336,84,42,42,1.0,0.11119902087375522,8
probe_a,25,26,3,336,84,42,42,1.0,0.18786713806912303,9
probe_a,25,26,4,336,84,42,42,1.0,0.015469575766474009,9
probe_a,26,27,0,336,84,42,42,1.0,0.18347151670604944,9
probe_a,26,27,1,336,84,42,42,1.0,0.10548358596861362,9
probe_a,26,27,2,336,84,42,42,1.0,0.18556586187332869,9
probe_a,26,27,3,336,84,42,42,1.0,0.10513258818536997,9
probe_a,26,27,4,336,84,42,42,1.0,0.18618366634473205,8
probe_a,27,28,0,336,84,42,42,1.0,0.10983371222391725,9
probe_a,27,28,1,336,84,42,42,1.0,0.18415949400514364,8
probe_a,27,28,2,336,84,42,42,1.0,0.10470486711710691,8
probe_a,27,28,3,336,84,42,42,1.0,0.10352231608703732,9
probe_a,27,28,4,336,84,42,42,1.0,0.10449718404561281,8
probe_a,28,29,0,336,84,42,42,1.0,0.18840985232964158,9
probe_a,28,29,1,336,84,42,42,1.0,0.10420904913917184,8
probe_a,28,29,2,336,84,42,42,1.0,0.1880181417800486,9
probe_a,28,29,3,336,84,42,42,1.0,0.015124792233109474,8
probe_a,28,29,4,336,84,42,42,1.0,0.18642234662547708,6
probe_a,29,30,0,336,84,42,42,1.0,0.10446187667548656,8
probe_a,29,30,1,336,84,42,42,1.0,0.18507927609607577,8
probe_a,29,30,2,336,84,42,42,1.0,0.015443117823451757,8
probe_a,29,30,3,336,84,42,42,1.0,0.18323181802406907,8
probe_a,29,30,4,336,84,42,42,1.0,0.015084292739629745,7
probe_a,30,31,0,336,84,42,42,1.0,0.18517023883759975,9
probe_a,30,31,1,336,84,42,42,1.0,0.10430995700880885,9
probe_a,30,31,2,336,84,42,42,1.0,0.18707473622635007,8
probe_a,30,31,3,336,84,42,42,1.0,0.10550669906660914,9
probe_a,30,31,4,336,84,42,42,1.0,0.1863285480067134,8
probe_a,31,32,0,336,84,42,42,1.0,0.10618315171450377,8
probe_a,31,32,1,336,84,42,42,1.0,0.10235165013000369,8
probe_a,31,32,2,336,84,42,42,1.0,0.10487806284800172,7
probe_a,31,32,3,336,84,42,42,1.0,0.18859207723289728,8
probe_a,31,32,4,336,84,42,42,1.0,0.10396199906244874,7
