n,auroc,accuracy,confusion_matrix,shuffle_seed,iterations
360,0.4624999999999999,0.4888888888888889,"{'labels': [0, 1], 'matrix': [[90, 90], [94, 86]], 'tn': 90, 'fp': 90, 'fn': 94, 'tp': 86}",42,159
360,0.4356172839506173,0.44722222222222224,"{'labels': [0, 1], 'matrix': [[80, 100], [99, 81]], 'tn': 80, 'fp': 100, 'fn': 99, 'tp': 81}",43,154
360,0.5243518518518518,0.5194444444444445,"{'labels': [0, 1], 'matrix': [[99, 81], [92, 88]], 'tn': 99, 'fp': 81, 'fn': 92, 'tp': 88}",44,154
360,0.462037037037037,0.48055555555555557,"{'labels': [0, 1], 'matrix': [[91, 89], [98, 82]], 'tn': 91, 'fp': 89, 'fn': 98, 'tp': 82}",45,143
360,0.5210493827160494,0.4861111111111111,"{'labels': [0, 1], 'matrix': [[93, 87], [98, 82]], 'tn': 93, 'fp': 87, 'fn': 98, 'tp': 82}",46,152
360,0.45685185185185184,0.48055555555555557,"{'labels': [0, 1], 'matrix': [[84, 96], [91, 89]], 'tn': 84, 'fp': 96, 'fn': 91, 'tp': 89}",47,148
360,0.45120370370370366,0.4583333333333333,"{'labels': [0, 1], 'matrix': [[84, 96], [99, 81]], 'tn': 84, 'fp': 96, 'fn': 99, 'tp': 81}",48,161
360,0.54,0.5277777777777778,"{'labels': [0, 1], 'matrix': [[94, 86], [84, 96]], 'tn': 94, 'fp': 86, 'fn': 84, 'tp': 96}",49,163
360,0.5244135802469135,0.5333333333333333,"{'labels': [0, 1], 'matrix': [[90, 90], [78, 102]], 'tn': 90, 'fp': 90, 'fn': 78, 'tp': 102}",50,154
360,0.49762345679012354,0.4888888888888889,"{'labels': [0, 1], 'matrix': [[89, 91], [93, 87]], 'tn': 89, 'fp': 91, 'fn': 93, 'tp': 87}",51,156
360,0.5225000000000001,0.5222222222222223,"{'labels': [0, 1], 'matrix': [[99, 81], [91, 89]], 'tn': 99, 'fp': 81, 'fn': 91, 'tp': 89}",52,160
360,0.5070370370370371,0.5138888888888888,"{'labels': [0, 1], 'matrix': [[93, 87], [88, 92]], 'tn': 93, 'fp': 87, 'fn': 88, 'tp': 92}",53,165
360,0.5461111111111111,0.5416666666666666,"{'labels': [0, 1], 'matrix': [[97, 83], [82, 98]], 'tn': 97, 'fp': 83, 'fn': 82, 'tp': 98}",54,161
360,0.4564814814814815,0.475,"{'labels': [0, 1], 'matrix': [[83, 97], [92, 88]], 'tn': 83, 'fp': 97, 'fn': 92, 'tp': 88}",55,151
360,0.536358024691358,0.49722222222222223,"{'labels': [0, 1], 'matrix': [[94, 86], [95, 85]], 'tn': 94, 'fp': 86, 'fn': 95, 'tp': 85}",56,172
360,0.5414506172839506,0.5583333333333333,"{'labels': [0, 1], 'matrix': [[89, 91], [68, 112]], 'tn': 89, 'fp': 91, 'fn': 68, 'tp': 112}",57,162
360,0.4646296296296296,0.4722222222222222,"{'labels': [0, 1], 'matrix': [[85, 95], [95, 85]], 'tn': 85, 'fp': 95, 'fn': 95, 'tp': 85}",58,164
360,0.4404320987654322,0.4361111111111111,"{'labels': [0, 1], 'matrix': [[83, 97], [106, 74]], 'tn': 83, 'fp': 97, 'fn': 106, 'tp': 74}",59,168
360,0.533641975308642,0.5333333333333333,"{'labels': [0, 1], 'matrix': [[91, 89], [79, 101]], 'tn': 91, 'fp': 89, 'fn': 79, 'tp': 101}",60,159
360,0.5346296296296297,0.4861111111111111,"{'labels': [0, 1], 'matrix': [[84, 96], [89, 91]], 'tn': 84, 'fp': 96, 'fn': 89, 'tp': 91}",61,161
