stable_id,manifest_row_index,language,quadrant,split,english_characters,translated_characters,character_length_ratio,english_newlines,translated_newlines,english_choice_count,translated_choice_count,english_number_count,translated_number_count,english_url_count,translated_url_count,qa_pass,flags
bench_deploy__14__0b25b51f60f4,7,spanish,bench_deploy,test,235,272,1.1574468085106382,2,2,0,0,0,0,0,0,True,
bench_deploy__16__dae57df11b76,8,spanish,bench_deploy,test,310,364,1.1741935483870967,2,2,4,4,0,0,0,0,True,
bench_deploy__24__a58d31dd3aa8,11,spanish,bench_deploy,test,230,289,1.2565217391304349,2,2,0,0,0,0,0,0,True,
bench_deploy__29__08dccc824c2a,14,spanish,bench_deploy,test,143,161,1.1258741258741258,2,2,0,0,0,0,0,0,True,
bench_deploy__37__37389092175d,16,spanish,bench_deploy,test,502,549,1.093625498007968,2,2,4,4,0,0,0,0,True,
bench_deploy__50__6bcb43441825,20,spanish,bench_deploy,test,304,327,1.075657894736842,4,4,0,0,4,4,0,0,True,
bench_deploy__58__f84f84be271e,23,spanish,bench_deploy,test,103,108,1.0485436893203883,2,2,0,0,9,9,0,0,True,
bench_deploy__59__8fe149daefac,24,spanish,bench_deploy,test,289,318,1.1003460207612457,0,0,0,0,4,4,0,0,True,
bench_deploy__77__c6356417470e,31,spanish,bench_deploy,test,218,233,1.0688073394495412,2,2,4,4,0,0,0,0,True,
bench_deploy__83__68c4efe4a896,33,spanish,bench_deploy,test,210,222,1.0571428571428572,2,2,0,0,0,0,0,0,True,
bench_deploy__109__24e30aae5492,41,spanish,bench_deploy,test,354,395,1.115819209039548,2,2,4,4,0,0,0,0,True,
bench_deploy__116__5dcf5dab5d52,44,spanish,bench_deploy,test,331,384,1.1601208459214503,2,2,4,4,0,0,0,0,True,
bench_deploy__119__72af078fbb30,45,spanish,bench_deploy,test,175,170,0.9714285714285714,2,2,4,4,5,5,0,0,False,numbers_changed
bench_deploy__122__e19120c426df,47,spanish,bench_deploy,test,245,252,1.0285714285714285,2,2,4,4,0,0,0,0,True,
bench_deploy__126__1449228748d0,49,spanish,bench_deploy,test,171,195,1.1403508771929824,2,2,0,0,0,0,0,0,True,
bench_deploy__134__1ff0c9ff6de4,51,spanish,bench_deploy,test,123,134,1.089430894308943,2,2,0,0,0,0,0,0,True,
bench_deploy__138__bd2d72b62947,53,spanish,bench_deploy,test,118,127,1.076271186440678,2,2,0,0,0,0,0,0,True,
bench_deploy__157__3babab6436d2,62,spanish,bench_deploy,test,479,559,1.1670146137787056,2,2,0,0,0,0,0,0,True,
bench_deploy__174__4c606d1d806e,65,spanish,bench_deploy,test,216,230,1.0648148148148149,2,2,4,4,0,0,0,0,True,
bench_deploy__175__f52c0b62dbe1,66,spanish,bench_deploy,test,266,317,1.1917293233082706,2,2,4,4,0,0,0,0,True,
bench_deploy__182__075d8e253fc0,68,spanish,bench_deploy,test,166,198,1.1927710843373494,2,2,0,0,0,0,0,0,True,
bench_deploy__187__69e7e1a26f13,70,spanish,bench_deploy,test,159,186,1.169811320754717,2,2,0,0,0,0,0,0,True,
bench_deploy__198__6e31a24e2a8d,73,spanish,bench_deploy,test,543,580,1.0681399631675874,2,2,4,4,0,0,0,0,True,
bench_deploy__226__8930ca656404,82,spanish,bench_deploy,test,333,354,1.063063063063063,2,2,4,4,0,0,0,0,True,
bench_deploy__231__6f9881f07b16,84,spanish,bench_deploy,test,231,266,1.1515151515151516,2,2,4,4,0,0,0,0,True,
bench_deploy__243__d12c26be7108,88,spanish,bench_deploy,test,312,373,1.1955128205128205,2,2,0,0,0,0,0,0,True,
bench_deploy__282__42d6fe2f5ec7,101,spanish,bench_deploy,test,133,143,1.0751879699248121,2,2,0,0,0,0,0,0,True,
bench_deploy__327__80fc1517678c,113,spanish,bench_deploy,test,310,351,1.132258064516129,2,2,4,4,0,0,0,0,True,
bench_deploy__331__46cffab82a32,115,spanish,bench_deploy,test,281,301,1.0711743772241993,2,2,4,4,0,0,0,0,True,
bench_deploy__356__d7ac24cc7679,123,spanish,bench_deploy,test,249,253,1.0160642570281124,0,0,0,0,4,4,0,0,True,
bench_deploy__357__99c36e3fea4d,124,spanish,bench_deploy,test,119,115,0.9663865546218487,0,0,0,0,2,2,0,0,True,
bench_deploy__381__f47febf13ca2,131,spanish,bench_deploy,test,162,183,1.1296296296296295,4,4,0,0,0,0,0,0,True,
bench_deploy__382__f97a4cff94f9,132,spanish,bench_deploy,test,196,242,1.2346938775510203,2,2,0,0,0,0,0,0,True,
bench_deploy__394__b8269bb6a6f0,138,spanish,bench_deploy,test,282,338,1.198581560283688,2,2,0,0,0,0,0,0,True,
bench_deploy__395__bb60c85c74be,139,spanish,bench_deploy,test,279,302,1.082437275985663,2,2,0,0,0,0,0,0,True,
bench_deploy__396__821845205973,140,spanish,bench_deploy,test,123,128,1.0406504065040652,0,0,0,0,4,4,0,0,True,
bench_deploy__397__b6009d8c784f,141,spanish,bench_deploy,test,471,580,1.2314225053078556,2,2,4,4,0,0,0,0,True,
bench_deploy__401__05a2d69b2ac7,142,spanish,bench_deploy,test,147,187,1.272108843537415,2,2,0,0,0,0,0,0,True,
bench_deploy__417__e576b9fee790,148,spanish,bench_deploy,test,457,500,1.0940919037199124,2,2,4,4,0,0,0,0,True,
bench_deploy__427__c9858d72af7e,150,spanish,bench_deploy,test,232,262,1.1293103448275863,2,2,4,4,0,0,0,0,True,
bench_deploy__429__b1430e5caa6f,151,spanish,bench_deploy,test,341,426,1.249266862170088,2,2,0,0,0,0,0,0,True,
bench_deploy__437__c172d0ff7857,154,spanish,bench_deploy,test,226,217,0.9601769911504425,2,2,0,0,0,0,0,0,True,
bench_deploy__441__4c0e00a5a21a,155,spanish,bench_deploy,test,284,287,1.0105633802816902,2,2,0,0,0,0,0,0,True,
bench_deploy__442__0637d6dae3e0,156,spanish,bench_deploy,test,139,144,1.0359712230215827,2,2,0,0,2,2,0,0,True,
bench_deploy__450__498c9a0e188d,158,spanish,bench_deploy,test,233,293,1.257510729613734,2,2,0,0,0,0,0,0,True,
bench_deploy__453__070a96289a91,159,spanish,bench_deploy,test,187,226,1.2085561497326203,2,2,4,4,0,0,0,0,True,
bench_deploy__455__fa28060c77b4,161,spanish,bench_deploy,test,330,388,1.1757575757575758,2,2,4,4,0,0,0,0,True,
bench_deploy__464__5aab392b0731,166,spanish,bench_deploy,test,352,461,1.3096590909090908,2,2,4,4,0,0,0,0,True,
bench_deploy__481__3f20830ce23a,172,spanish,bench_deploy,test,208,224,1.0769230769230769,0,0,0,0,4,4,0,0,True,
bench_deploy__488__17be96260ce9,174,spanish,bench_deploy,test,169,182,1.0769230769230769,2,2,0,0,0,0,0,0,True,
bench_deploy__503__6d9e7076652a,179,spanish,bench_deploy,test,119,139,1.1680672268907564,0,0,0,0,2,2,0,0,True,
bench_deploy__517__678579ddc5ed,182,spanish,bench_deploy,test,151,187,1.2384105960264902,0,0,0,0,3,3,0,0,True,
bench_deploy__524__41defc869c2b,186,spanish,bench_deploy,test,120,135,1.125,2,2,0,0,0,0,0,0,True,
bench_deploy__527__dadb7b044a2d,187,spanish,bench_deploy,test,167,195,1.1676646706586826,2,2,0,0,0,0,0,0,True,
bench_deploy__528__de5768bdecc4,188,spanish,bench_deploy,test,355,406,1.143661971830986,2,2,4,4,0,0,0,0,True,
bench_deploy__549__c6096374c9f3,195,spanish,bench_deploy,test,431,469,1.088167053364269,2,2,0,0,0,0,0,0,True,
bench_deploy__551__798d91cd7847,197,spanish,bench_deploy,test,213,238,1.1173708920187793,2,2,0,0,1,1,0,0,True,
bench_deploy__564__d4d2422a366f,202,spanish,bench_deploy,test,329,358,1.088145896656535,2,2,4,4,0,0,0,0,True,
bench_deploy__567__3852311ba8e9,203,spanish,bench_deploy,test,294,288,0.9795918367346939,2,2,4,4,0,0,0,0,True,
bench_deploy__576__c02c4fd5fd26,206,spanish,bench_deploy,test,188,225,1.196808510638298,2,2,0,0,0,0,0,0,True,
bench_deploy__593__3c6cc04c654f,211,spanish,bench_deploy,test,358,398,1.111731843575419,2,2,0,0,0,0,0,0,True,
bench_deploy__594__0a795c7d2d82,212,spanish,bench_deploy,test,330,382,1.1575757575757575,2,2,4,4,0,0,0,0,True,
bench_deploy__597__2c5045a0a4a1,215,spanish,bench_deploy,test,179,187,1.0446927374301676,2,2,0,0,2,2,0,0,True,
bench_deploy__608__2e8eb478fda1,219,spanish,bench_deploy,test,470,566,1.2042553191489362,2,2,4,4,0,0,0,0,True,
bench_deploy__622__80adaf44813d,226,spanish,bench_deploy,test,168,169,1.005952380952381,2,2,0,0,0,0,0,0,True,
bench_deploy__626__2b81ba85b1b6,227,spanish,bench_deploy,test,171,198,1.1578947368421053,2,2,0,0,4,4,0,0,True,
bench_deploy__635__8c3da7b87922,231,spanish,bench_deploy,test,210,254,1.2095238095238094,2,2,0,0,0,0,0,0,True,
bench_deploy__672__51efeac3b04d,243,spanish,bench_deploy,test,114,133,1.1666666666666667,2,2,0,0,0,0,0,0,True,
bench_deploy__673__7f1581232f11,244,spanish,bench_deploy,test,348,399,1.146551724137931,2,2,4,4,0,0,0,0,True,
bench_deploy__679__58319e86b225,249,spanish,bench_deploy,test,379,478,1.2612137203166227,2,2,4,4,0,0,0,0,True,
bench_deploy__688__bf52199100a3,251,spanish,bench_deploy,test,198,227,1.1464646464646464,2,2,4,4,0,0,0,0,True,
bench_deploy__695__73c6e1e33e8b,253,spanish,bench_deploy,test,120,132,1.1,2,2,0,0,0,0,0,0,True,
bench_deploy__701__d66a1082551e,255,spanish,bench_deploy,test,452,536,1.1858407079646018,2,2,4,4,0,0,0,0,True,
bench_deploy__704__35ee7a8034fb,256,spanish,bench_deploy,test,311,357,1.1479099678456592,2,2,0,0,1,1,0,0,True,
bench_deploy__707__444f0ffda198,257,spanish,bench_deploy,test,209,234,1.1196172248803828,2,2,0,0,0,0,0,0,True,
bench_deploy__718__b9cb94216375,259,spanish,bench_deploy,test,542,612,1.1291512915129152,2,2,4,4,0,0,0,0,True,
bench_deploy__723__4185b48a168c,262,spanish,bench_deploy,test,293,321,1.0955631399317407,2,2,0,0,0,0,0,0,True,
bench_deploy__727__600f3c2e4b34,263,spanish,bench_deploy,test,287,308,1.0731707317073171,2,2,4,4,0,0,0,0,True,
bench_deploy__736__baacc1dcddef,264,spanish,bench_deploy,test,274,324,1.1824817518248176,2,2,0,0,1,1,0,0,True,
bench_deploy__743__66c8938eb5de,266,spanish,bench_deploy,test,424,448,1.0566037735849056,2,2,5,5,15,15,0,0,True,
bench_deploy__775__54c41c865d0d,277,spanish,bench_deploy,test,215,255,1.186046511627907,2,2,0,0,0,0,0,0,True,
bench_deploy__789__d5ebbf28f6f3,282,spanish,bench_deploy,test,530,633,1.1943396226415095,2,2,4,4,0,0,0,0,True,
bench_deploy__797__967c703515aa,286,spanish,bench_deploy,test,250,293,1.172,2,2,0,0,0,0,0,0,True,
bench_deploy__799__04f0d999e88f,287,spanish,bench_deploy,test,298,342,1.1476510067114094,2,2,4,4,0,0,0,0,True,
bench_deploy__805__db47c4eba28e,288,spanish,bench_deploy,test,271,330,1.2177121771217712,2,2,4,4,4,4,0,0,True,
bench_deploy__810__442538520c26,289,spanish,bench_deploy,test,186,194,1.043010752688172,0,0,0,0,3,3,0,0,True,
bench_deploy__811__158126c453d3,290,spanish,bench_deploy,test,394,483,1.2258883248730965,4,4,0,0,0,0,0,0,True,
bench_deploy__814__ae2abe9e2588,291,spanish,bench_deploy,test,244,254,1.040983606557377,0,0,0,0,2,2,0,0,True,
bench_deploy__820__0841164b1f3e,292,spanish,bench_deploy,test,373,403,1.0804289544235925,2,2,4,4,0,0,0,0,True,
bench_deploy__822__322ce711d8c6,294,spanish,bench_deploy,test,311,375,1.2057877813504823,2,2,0,0,0,0,0,0,True,
bench_eval__0__d7def16ca569,300,spanish,bench_eval,test,300,318,1.06,1,1,0,0,3,3,0,0,True,
bench_eval__12__865aca24669f,305,spanish,bench_eval,test,286,306,1.06993006993007,2,2,4,4,0,0,0,0,True,
bench_eval__31__47f76d4953ae,311,spanish,bench_eval,test,236,248,1.0508474576271187,2,2,4,4,0,0,0,0,True,
bench_eval__36__a9d0fa59c918,313,spanish,bench_eval,test,373,415,1.1126005361930296,2,2,4,4,0,0,0,0,True,
bench_eval__37__9eeca2b49ec6,314,spanish,bench_eval,test,228,266,1.1666666666666667,2,2,4,4,0,0,0,0,True,
bench_eval__39__a106f750ba38,315,spanish,bench_eval,test,337,415,1.231454005934718,2,2,0,0,0,0,0,0,True,
bench_eval__49__3299b832b436,317,spanish,bench_eval,test,427,487,1.1405152224824355,5,5,0,0,0,0,0,0,True,
bench_eval__53__0b0358447ffd,318,spanish,bench_eval,test,332,340,1.0240963855421688,2,2,4,4,0,0,0,0,True,
bench_eval__66__1d94a5929d9a,323,spanish,bench_eval,test,105,107,1.019047619047619,2,2,0,0,4,4,0,0,True,
bench_eval__101__d619f7cdfa10,332,spanish,bench_eval,test,350,378,1.08,2,2,0,0,10,10,0,0,True,
bench_eval__109__a5dc1a383c52,333,spanish,bench_eval,test,195,186,0.9538461538461539,1,1,0,0,5,5,0,0,True,
bench_eval__118__2374e1f97cda,336,spanish,bench_eval,test,164,172,1.048780487804878,2,2,4,4,0,0,0,0,True,
bench_eval__140__061f332e6c60,341,spanish,bench_eval,test,281,269,0.9572953736654805,2,2,4,4,0,0,0,0,True,
bench_eval__150__06e32c434c0d,345,spanish,bench_eval,test,163,192,1.177914110429448,2,2,0,0,0,0,0,0,True,
bench_eval__161__cd634ac0558b,347,spanish,bench_eval,test,235,259,1.102127659574468,2,2,0,0,0,0,0,0,True,
bench_eval__162__b257313e6f44,348,spanish,bench_eval,test,284,335,1.1795774647887325,2,2,4,4,0,0,0,0,True,
bench_eval__169__f5d4ab0aebad,349,spanish,bench_eval,test,243,280,1.1522633744855968,1,1,0,0,4,4,0,0,True,
bench_eval__174__9840515fe564,351,spanish,bench_eval,test,249,289,1.1606425702811245,1,1,1,2,3,3,0,0,False,answer_choice_labels_changed
bench_eval__178__21262cffe882,352,spanish,bench_eval,test,116,112,0.9655172413793104,1,1,0,0,3,3,0,0,True,
bench_eval__187__1ceca8c77342,355,spanish,bench_eval,test,166,183,1.1024096385542168,2,2,0,0,4,4,0,0,True,
bench_eval__225__b64de99cacdb,364,spanish,bench_eval,test,278,305,1.0971223021582734,1,1,0,0,3,3,0,0,True,
bench_eval__235__ea16730f61d2,366,spanish,bench_eval,test,117,118,1.0085470085470085,2,2,0,0,0,0,0,0,True,
bench_eval__250__2b2c1637de4d,369,spanish,bench_eval,test,150,162,1.08,2,2,4,4,6,6,0,0,True,
bench_eval__264__591287e1866e,373,spanish,bench_eval,test,180,195,1.0833333333333333,2,2,0,0,5,5,0,0,True,
bench_eval__270__48d2e7024674,376,spanish,bench_eval,test,607,654,1.0774299835255354,2,2,0,0,0,0,0,0,True,
bench_eval__274__2c318ec9467f,378,spanish,bench_eval,test,480,504,1.05,2,2,0,0,0,0,0,0,True,
bench_eval__282__4434f9e1817f,380,spanish,bench_eval,test,130,126,0.9692307692307692,1,1,0,0,4,4,0,0,True,
bench_eval__311__8b8a697aa825,384,spanish,bench_eval,test,444,476,1.072072072072072,2,2,0,0,0,0,0,0,True,
bench_eval__344__3123e5946075,389,spanish,bench_eval,test,476,510,1.0714285714285714,2,2,4,4,4,4,0,0,True,
bench_eval__357__79c0891a6949,392,spanish,bench_eval,test,214,215,1.0046728971962617,2,2,0,0,0,0,0,0,True,
bench_eval__379__56b4a5ed600e,398,spanish,bench_eval,test,571,664,1.1628721541155866,2,2,0,0,0,0,0,0,True,
bench_eval__448__11fb2533f8e4,415,spanish,bench_eval,test,231,265,1.147186147186147,1,0,0,0,3,3,0,0,True,
bench_eval__458__4670a2e3c215,420,spanish,bench_eval,test,159,166,1.0440251572327044,2,2,4,4,0,0,0,0,True,
bench_eval__495__b50d4d798ea5,427,spanish,bench_eval,test,313,352,1.1246006389776357,2,2,0,0,0,0,0,0,True,
bench_eval__503__563b5f7d44ce,431,spanish,bench_eval,test,494,566,1.145748987854251,2,2,4,4,0,0,0,0,True,
bench_eval__511__0e12738c527a,433,spanish,bench_eval,test,331,363,1.096676737160121,2,2,4,4,0,0,0,0,True,
bench_eval__523__8b73ef02cac5,434,spanish,bench_eval,test,302,330,1.0927152317880795,2,2,4,4,0,0,0,0,True,
bench_eval__530__a10c94e503b9,437,spanish,bench_eval,test,118,128,1.0847457627118644,1,1,0,0,3,3,0,0,True,
bench_eval__540__e39719ec8ba7,441,spanish,bench_eval,test,227,248,1.092511013215859,1,1,0,0,3,3,0,0,True,
bench_eval__568__6b44d553f0e7,450,spanish,bench_eval,test,188,219,1.1648936170212767,1,1,0,0,3,3,0,0,True,
bench_eval__575__8ac30df43fae,452,spanish,bench_eval,test,197,208,1.0558375634517767,1,1,0,0,2,2,0,0,True,
bench_eval__576__0ceba2c0c2b9,453,spanish,bench_eval,test,310,372,1.2,2,2,4,4,0,0,0,0,True,
bench_eval__586__10e6cc661405,456,spanish,bench_eval,test,171,193,1.128654970760234,2,2,4,4,0,0,0,0,True,
bench_eval__593__e6190c36127e,458,spanish,bench_eval,test,123,129,1.048780487804878,2,2,0,0,0,0,0,0,True,
bench_eval__619__4eea3d3abb1c,462,spanish,bench_eval,test,155,183,1.1806451612903226,1,1,0,0,3,3,0,0,True,
bench_eval__625__2c346b6dc209,464,spanish,bench_eval,test,329,336,1.0212765957446808,2,2,4,4,34,34,0,0,True,
bench_eval__629__ef321fa9203b,466,spanish,bench_eval,test,142,157,1.1056338028169015,2,2,0,0,0,0,0,0,True,
bench_eval__630__fb53574e536f,467,spanish,bench_eval,test,360,400,1.1111111111111112,2,2,4,4,0,0,0,0,True,
bench_eval__668__28d8b3b4e86e,479,spanish,bench_eval,test,312,298,0.9551282051282052,2,2,0,0,0,0,0,0,True,
bench_eval__677__174e39b49bb9,482,spanish,bench_eval,test,299,351,1.173913043478261,2,2,0,0,2,2,0,0,True,
bench_eval__678__85a48cda89f6,483,spanish,bench_eval,test,178,170,0.9550561797752809,1,1,0,0,3,3,0,0,True,
bench_eval__693__993ebc3689c3,487,spanish,bench_eval,test,361,395,1.0941828254847645,2,2,4,4,0,0,0,0,True,
bench_eval__695__386df3c1f52d,488,spanish,bench_eval,test,359,397,1.105849582172702,2,2,4,4,0,0,0,0,True,
bench_eval__701__2c3ef570ac51,489,spanish,bench_eval,test,275,235,0.8545454545454545,1,10,0,0,3,16,0,0,False,numbers_changed
bench_eval__709__e9b7c07dbc30,493,spanish,bench_eval,test,172,207,1.2034883720930232,2,2,4,4,0,0,0,0,True,
bench_eval__722__8b3bda4a81d7,495,spanish,bench_eval,test,450,475,1.0555555555555556,1,0,0,0,1,1,0,0,True,
bench_eval__740__e2c64fa2adc0,503,spanish,bench_eval,test,209,218,1.0430622009569377,2,2,4,4,0,0,0,0,True,
bench_eval__741__1e01f6e82d8f,504,spanish,bench_eval,test,526,612,1.1634980988593155,6,6,0,0,1,1,0,0,True,
bench_eval__745__7d3bd24794e9,506,spanish,bench_eval,test,173,196,1.1329479768786128,2,2,4,4,0,0,0,0,True,
bench_eval__764__564dac38c061,510,spanish,bench_eval,test,230,254,1.1043478260869566,2,2,4,4,0,0,0,0,True,
bench_eval__769__0708d86ff5c2,512,spanish,bench_eval,test,268,337,1.257462686567164,2,2,4,4,0,0,0,0,True,
bench_eval__778__b3f10acc443e,513,spanish,bench_eval,test,118,123,1.0423728813559323,2,2,0,0,0,0,0,0,True,
bench_eval__785__8253c09f257a,516,spanish,bench_eval,test,210,231,1.1,2,2,4,4,0,0,0,0,True,
bench_eval__812__d4407075ac85,524,spanish,bench_eval,test,145,152,1.0482758620689656,2,2,0,0,0,0,0,0,True,
bench_eval__828__4ac2ebbf2ce0,528,spanish,bench_eval,test,462,504,1.0909090909090908,2,2,4,4,0,0,0,0,True,
bench_eval__833__d883501add8b,531,spanish,bench_eval,test,214,251,1.1728971962616823,2,2,4,4,0,0,0,0,True,
bench_eval__841__ad53933ea9a8,535,spanish,bench_eval,test,271,298,1.099630996309963,1,1,0,0,5,5,0,0,True,
bench_eval__846__36ba356234be,536,spanish,bench_eval,test,289,363,1.2560553633217992,2,2,0,0,0,0,0,0,True,
bench_eval__849__8df03eeed7cb,537,spanish,bench_eval,test,166,166,1.0,2,2,4,4,0,0,0,0,True,
bench_eval__885__8270743f60be,542,spanish,bench_eval,test,218,241,1.1055045871559632,1,1,0,0,2,2,0,0,True,
bench_eval__895__503df0492593,545,spanish,bench_eval,test,200,200,1.0,1,1,0,0,5,5,0,0,True,
bench_eval__896__cd29be6a9b62,546,spanish,bench_eval,test,272,268,0.9852941176470589,1,0,0,0,4,4,0,0,True,
bench_eval__898__1536eb57c85d,548,spanish,bench_eval,test,129,144,1.1162790697674418,1,1,0,0,1,1,0,0,True,
bench_eval__938__944fad7407f6,556,spanish,bench_eval,test,211,230,1.0900473933649288,1,1,0,0,1,1,0,0,True,
bench_eval__944__cc38fdf531a4,560,spanish,bench_eval,test,455,501,1.1010989010989012,1,1,0,0,2,2,0,0,True,
bench_eval__959__c3f9e4c9be14,564,spanish,bench_eval,test,132,160,1.2121212121212122,2,2,0,0,4,4,0,0,True,
bench_eval__982__cb004fa6841e,571,spanish,bench_eval,test,376,437,1.1622340425531914,2,2,0,0,0,0,0,0,True,
bench_eval__984__fae5dc3a9749,572,spanish,bench_eval,test,334,400,1.1976047904191616,1,0,0,0,6,6,0,0,False,numbers_changed
bench_eval__991__d187025570d3,574,spanish,bench_eval,test,246,264,1.0731707317073171,2,2,4,4,2,2,0,0,True,
bench_eval__994__d302ddcefbee,575,spanish,bench_eval,test,209,208,0.9952153110047847,1,1,0,0,4,4,0,0,True,
bench_eval__999__c4c876ca51d4,577,spanish,bench_eval,test,164,199,1.2134146341463414,2,2,4,4,0,0,0,0,True,
bench_eval__1007__636068bc81f9,578,spanish,bench_eval,test,172,204,1.186046511627907,2,2,4,4,0,0,0,0,True,
bench_eval__1010__9ad4f9d4a147,579,spanish,bench_eval,test,308,281,0.9123376623376623,1,1,0,0,5,5,0,0,True,
bench_eval__1012__48ce890ad06f,580,spanish,bench_eval,test,195,216,1.1076923076923078,2,3,4,4,0,0,0,0,True,
bench_eval__1031__4d6bf3c97e6c,583,spanish,bench_eval,test,119,146,1.226890756302521,2,2,0,0,0,0,0,0,True,
bench_eval__1034__2970cb989e44,584,spanish,bench_eval,test,313,312,0.9968051118210862,1,0,0,0,5,5,0,0,True,
bench_eval__1057__25a7223c42d8,594,spanish,bench_eval,test,397,494,1.2443324937027709,2,2,4,4,0,0,0,0,True,
bench_eval__1064__f2c7a5cefa6c,596,spanish,bench_eval,test,306,351,1.1470588235294117,2,2,4,4,0,0,0,0,True,
bench_eval__1067__288b68f5c882,597,spanish,bench_eval,test,326,320,0.9815950920245399,1,0,0,0,6,6,0,0,True,
bench_eval__1068__04dbe739f7dd,598,spanish,bench_eval,test,346,434,1.254335260115607,1,1,0,0,5,5,0,0,True,
casual_deploy__5__c6962d9e473d,601,spanish,casual_deploy,test,158,154,0.9746835443037974,0,0,0,0,0,0,0,0,True,
casual_deploy__11__3f69b514493d,604,spanish,casual_deploy,test,120,147,1.225,0,0,0,0,3,3,0,0,True,
casual_deploy__22__0e5079130f4b,605,spanish,casual_deploy,test,127,144,1.1338582677165354,4,4,0,0,4,4,0,0,True,
casual_deploy__23__a01f86078163,606,spanish,casual_deploy,test,121,154,1.2727272727272727,0,0,0,0,0,0,0,0,True,
casual_deploy__41__abd827302bed,611,spanish,casual_deploy,test,157,182,1.1592356687898089,0,0,0,0,2,2,0,0,True,
casual_deploy__42__618887db6a77,612,spanish,casual_deploy,test,54,59,1.0925925925925926,0,0,0,0,0,0,0,0,True,
casual_deploy__86__74ffcdd293d9,623,spanish,casual_deploy,test,116,116,1.0,0,0,0,0,0,0,0,0,True,
casual_deploy__93__8df32ea449a1,626,spanish,casual_deploy,test,120,115,0.9583333333333334,2,0,0,0,0,0,0,0,True,
casual_deploy__94__4abf4e8449d0,627,spanish,casual_deploy,test,152,181,1.1907894736842106,0,0,0,0,0,0,0,0,True,
casual_deploy__111__94dc64d80dd5,631,spanish,casual_deploy,test,96,101,1.0520833333333333,1,0,0,0,0,0,0,0,True,
casual_deploy__118__08c41753528a,635,spanish,casual_deploy,test,301,351,1.1661129568106312,0,0,0,0,1,1,0,0,True,
casual_deploy__120__bf30e71116bb,636,spanish,casual_deploy,test,123,159,1.2926829268292683,0,0,0,0,0,0,0,0,True,
casual_deploy__149__d1ef2c0438bc,645,spanish,casual_deploy,test,165,159,0.9636363636363636,0,0,1,1,0,0,0,0,True,
casual_deploy__164__2271373c847a,647,spanish,casual_deploy,test,95,106,1.1157894736842104,0,0,0,0,0,0,0,0,True,
casual_deploy__176__b5acf79b9208,651,spanish,casual_deploy,test,126,134,1.0634920634920635,0,0,0,0,0,0,0,0,True,
casual_deploy__207__ff8c3415f2a5,659,spanish,casual_deploy,test,252,255,1.0119047619047619,0,0,0,0,0,0,0,0,True,
casual_deploy__222__8395355cf2f9,667,spanish,casual_deploy,test,53,73,1.3773584905660377,0,0,0,0,0,0,0,0,True,
casual_deploy__232__0dd99c86d646,668,spanish,casual_deploy,test,136,153,1.125,0,0,0,0,0,0,0,0,True,
casual_deploy__235__27a9a1d899c2,671,spanish,casual_deploy,test,96,111,1.15625,0,0,0,0,0,0,0,0,True,
casual_deploy__239__50ddbdf97d2f,673,spanish,casual_deploy,test,133,123,0.924812030075188,0,0,0,0,2,2,0,0,True,
casual_deploy__248__867bc20f5e89,675,spanish,casual_deploy,test,181,181,1.0,0,0,0,0,3,3,0,0,True,
casual_deploy__256__2ba4a712cfdd,678,spanish,casual_deploy,test,245,272,1.110204081632653,0,0,0,0,0,0,0,0,True,
casual_deploy__293__a131ce102064,691,spanish,casual_deploy,test,136,143,1.0514705882352942,0,0,0,0,3,3,0,0,True,
casual_deploy__319__65c149a7abc2,700,spanish,casual_deploy,test,210,290,1.380952380952381,0,0,0,0,0,0,0,0,True,
casual_deploy__332__cf823a564f07,704,spanish,casual_deploy,test,215,237,1.1023255813953488,0,0,0,0,0,0,0,0,True,
casual_deploy__369__40a5b6b285bf,713,spanish,casual_deploy,test,150,173,1.1533333333333333,0,0,0,0,0,0,0,0,True,
casual_deploy__373__1cefd5400902,716,spanish,casual_deploy,test,213,281,1.3192488262910798,0,0,0,0,2,2,0,0,True,
casual_deploy__381__79f3c8d6d702,717,spanish,casual_deploy,test,94,109,1.1595744680851063,0,0,0,0,0,0,0,0,True,
casual_deploy__394__087ce58e5883,720,spanish,casual_deploy,test,121,147,1.2148760330578512,1,0,0,0,0,0,0,0,True,
casual_deploy__429__756150266aac,729,spanish,casual_deploy,test,191,200,1.0471204188481675,0,0,0,0,1,1,0,0,True,
casual_deploy__434__fe9a5fb81d00,732,spanish,casual_deploy,test,231,243,1.051948051948052,0,0,0,0,1,1,0,0,True,
casual_deploy__439__a3a39768eb64,733,spanish,casual_deploy,test,124,126,1.0161290322580645,0,0,0,0,0,0,0,0,True,
casual_deploy__445__e0aba3447aba,734,spanish,casual_deploy,test,100,123,1.23,0,0,0,0,1,1,0,0,True,
casual_deploy__446__7552230ad194,735,spanish,casual_deploy,test,153,173,1.130718954248366,0,0,0,0,0,0,0,0,True,
casual_deploy__447__a6bd5b36633a,736,spanish,casual_deploy,test,125,157,1.256,0,0,0,0,1,1,0,0,True,
casual_deploy__448__5923416facf1,737,spanish,casual_deploy,test,104,102,0.9807692307692307,0,0,0,0,1,1,0,0,True,
casual_deploy__483__3260994a1e58,742,spanish,casual_deploy,test,86,94,1.0930232558139534,0,0,0,0,0,0,0,0,True,
casual_deploy__485__ac33a3166552,744,spanish,casual_deploy,test,59,45,0.7627118644067796,0,0,0,0,0,0,0,0,True,
casual_deploy__495__10b0c74111ad,746,spanish,casual_deploy,test,306,339,1.107843137254902,0,0,0,0,0,0,0,0,True,
casual_deploy__502__289f85f92f30,748,spanish,casual_deploy,test,206,234,1.1359223300970873,0,0,0,0,4,4,0,0,True,
casual_deploy__504__ccc6afed99c3,749,spanish,casual_deploy,test,66,74,1.121212121212121,0,0,0,0,0,0,0,0,True,
casual_deploy__521__bed581344b45,752,spanish,casual_deploy,test,115,141,1.2260869565217392,0,0,0,0,1,1,0,0,True,
casual_deploy__532__730263dcdcf2,754,spanish,casual_deploy,test,258,276,1.069767441860465,0,0,0,0,2,2,0,0,True,
casual_deploy__534__5f2a03b6d3b2,755,spanish,casual_deploy,test,57,77,1.3508771929824561,0,0,0,0,0,0,0,0,True,
casual_deploy__578__258feb208c5b,764,spanish,casual_deploy,test,191,192,1.0052356020942408,0,0,0,0,0,0,0,0,True,
casual_deploy__585__6b56e1cc3b2e,767,spanish,casual_deploy,test,110,141,1.2818181818181817,0,0,0,0,2,2,0,0,True,
casual_deploy__605__e0d3a6756c5e,773,spanish,casual_deploy,test,84,99,1.1785714285714286,0,0,0,0,0,0,0,0,True,
casual_deploy__623__6c63836720af,776,spanish,casual_deploy,test,171,178,1.04093567251462,0,0,0,0,0,0,0,0,True,
casual_deploy__636__719064e83a38,778,spanish,casual_deploy,test,52,60,1.1538461538461537,0,0,0,0,0,0,0,0,True,
casual_deploy__638__0dd25a498615,779,spanish,casual_deploy,test,166,193,1.1626506024096386,0,0,0,0,1,1,0,0,True,
casual_deploy__645__3ba0cb44d5bc,782,spanish,casual_deploy,test,65,83,1.2769230769230768,0,0,0,0,0,0,0,0,True,
casual_deploy__648__dfd9ccc74db9,784,spanish,casual_deploy,test,179,193,1.0782122905027933,0,0,0,0,2,2,0,0,True,
casual_deploy__650__931470c32ccf,785,spanish,casual_deploy,test,193,207,1.072538860103627,0,0,0,0,0,0,0,0,True,
casual_deploy__654__919d76336a98,786,spanish,casual_deploy,test,95,107,1.1263157894736842,0,0,0,0,0,0,0,0,True,
casual_deploy__662__a9cdf3cab1ba,787,spanish,casual_deploy,test,66,87,1.3181818181818181,0,0,0,0,0,0,0,0,True,
casual_deploy__664__3eaf85862ae9,788,spanish,casual_deploy,test,184,192,1.0434782608695652,2,2,0,0,1,1,0,0,True,
casual_deploy__668__55b79209a6f2,789,spanish,casual_deploy,test,142,162,1.1408450704225352,0,0,0,0,0,0,0,0,True,
casual_deploy__692__93502705dab9,790,spanish,casual_deploy,test,70,76,1.0857142857142856,0,0,0,0,2,2,0,0,True,
casual_deploy__706__c2a5a928eacd,794,spanish,casual_deploy,test,279,317,1.136200716845878,0,0,0,0,2,2,0,0,True,
casual_deploy__722__f432e13aad1b,798,spanish,casual_deploy,test,92,118,1.2826086956521738,0,0,0,0,0,0,0,0,True,
casual_deploy__724__039335fcf1ed,799,spanish,casual_deploy,test,224,233,1.0401785714285714,0,0,0,0,0,0,0,0,True,
casual_deploy__727__dc6e1babb909,802,spanish,casual_deploy,test,114,125,1.0964912280701755,0,0,0,0,1,1,0,0,True,
casual_deploy__730__c5e8274a1c5d,805,spanish,casual_deploy,test,53,75,1.4150943396226414,0,0,0,0,0,0,0,0,True,
casual_deploy__744__e9471dc16016,810,spanish,casual_deploy,test,121,119,0.9834710743801653,0,0,0,0,0,0,0,0,True,
casual_deploy__745__b1ed3693f86f,811,spanish,casual_deploy,test,150,183,1.22,0,0,0,0,0,0,0,0,True,
casual_deploy__750__4f65f456d061,814,spanish,casual_deploy,test,136,165,1.213235294117647,0,0,0,0,0,0,0,0,True,
casual_deploy__755__44eb3f3c7862,815,spanish,casual_deploy,test,98,122,1.2448979591836735,0,0,0,0,0,0,0,0,True,
casual_deploy__766__5343e7f881fe,818,spanish,casual_deploy,test,147,148,1.0068027210884354,0,0,0,0,3,3,0,0,True,
casual_deploy__768__e3ff564a649c,819,spanish,casual_deploy,test,91,103,1.1318681318681318,0,0,0,0,0,0,0,0,True,
casual_deploy__770__abe7422d5ba9,820,spanish,casual_deploy,test,127,141,1.110236220472441,0,0,0,0,0,0,0,0,True,
casual_deploy__771__c9b063da8977,821,spanish,casual_deploy,test,580,598,1.0310344827586206,12,11,0,0,103,103,0,0,True,
casual_deploy__774__2051f73f090c,822,spanish,casual_deploy,test,77,76,0.987012987012987,0,0,0,0,0,0,0,0,True,
casual_deploy__793__853049e64686,827,spanish,casual_deploy,test,123,158,1.2845528455284554,0,0,0,0,0,0,0,0,True,
casual_deploy__794__fa96ec930e91,828,spanish,casual_deploy,test,291,286,0.9828178694158075,0,0,0,0,6,6,0,0,True,
casual_deploy__804__068820945bc9,831,spanish,casual_deploy,test,287,286,0.9965156794425087,1,1,0,0,0,0,0,0,True,
casual_deploy__816__6bdc7cf2ff7e,836,spanish,casual_deploy,test,63,60,0.9523809523809523,0,0,0,0,0,0,0,0,True,
casual_deploy__836__fa1a01503de8,841,spanish,casual_deploy,test,125,149,1.192,0,0,0,0,0,0,0,0,True,
casual_deploy__847__29e72a8c8763,844,spanish,casual_deploy,test,123,134,1.089430894308943,0,0,0,0,2,2,0,0,True,
casual_deploy__851__46bd03545f52,847,spanish,casual_deploy,test,188,198,1.053191489361702,0,0,0,0,0,0,0,0,True,
casual_deploy__888__1471958d3379,853,spanish,casual_deploy,test,160,163,1.01875,0,0,0,0,2,2,0,0,True,
casual_deploy__902__f400ad80d6ab,858,spanish,casual_deploy,test,62,77,1.2419354838709677,0,0,0,0,0,0,0,0,True,
casual_deploy__948__0ee962b4e385,869,spanish,casual_deploy,test,122,154,1.2622950819672132,0,0,0,0,1,1,0,0,True,
casual_deploy__973__12aa47f067d7,877,spanish,casual_deploy,test,76,81,1.0657894736842106,0,0,0,0,0,0,0,0,True,
casual_deploy__974__d4fc17b17945,878,spanish,casual_deploy,test,283,301,1.0636042402826855,0,0,0,0,0,0,0,0,True,
casual_deploy__994__b9aff81dfc93,881,spanish,casual_deploy,test,123,158,1.2845528455284554,0,0,0,0,0,0,0,0,True,
casual_deploy__1001__c6c27b8f1cd4,882,spanish,casual_deploy,test,134,141,1.0522388059701493,0,0,0,0,2,2,0,0,True,
casual_deploy__1024__a2a2d7a42f48,888,spanish,casual_deploy,test,121,119,0.9834710743801653,0,0,0,0,0,0,0,0,True,
casual_deploy__1028__a27f96fedfce,890,spanish,casual_deploy,test,133,154,1.1578947368421053,0,0,0,0,0,0,0,0,True,
casual_deploy__1074__9df8d68c09c5,898,spanish,casual_deploy,test,241,272,1.1286307053941909,0,0,0,0,2,2,0,0,True,
casual_deploy__1075__4f1bf23ed15a,899,spanish,casual_deploy,test,60,82,1.3666666666666667,0,0,0,0,0,0,0,0,True,
casual_eval__3__7bc6c7c9dcf1,900,spanish,casual_eval,test,67,74,1.1044776119402986,0,0,0,0,0,0,0,0,True,
casual_eval__7__7a18b0406a1c,902,spanish,casual_eval,test,83,78,0.9397590361445783,0,0,0,0,0,0,0,0,True,
casual_eval__8__c661199102d4,903,spanish,casual_eval,test,148,150,1.0135135135135136,0,0,0,0,0,0,0,0,True,
casual_eval__32__b88f99b5b6dc,912,spanish,casual_eval,test,76,69,0.9078947368421053,0,0,0,0,0,0,0,0,True,
casual_eval__33__80db60b87357,913,spanish,casual_eval,test,63,58,0.9206349206349206,0,0,0,0,0,0,0,0,True,
casual_eval__50__cace06b97f9d,919,spanish,casual_eval,test,145,151,1.0413793103448277,0,0,0,0,0,0,0,0,True,
casual_eval__54__0d7ea239d28f,921,spanish,casual_eval,test,150,133,0.8866666666666667,0,0,0,0,0,0,0,0,True,
casual_eval__60__04864b643893,922,spanish,casual_eval,test,53,63,1.1886792452830188,0,0,0,0,0,0,0,0,True,
casual_eval__72__8a232442fc95,924,spanish,casual_eval,test,135,152,1.125925925925926,0,0,0,0,0,0,0,0,True,
casual_eval__111__bab380327425,931,spanish,casual_eval,test,115,116,1.008695652173913,0,0,0,0,0,0,0,0,True,
casual_eval__113__d91b4e10d7b3,932,spanish,casual_eval,test,174,171,0.9827586206896551,0,0,0,0,0,0,0,0,True,
casual_eval__118__b2bdd4316712,934,spanish,casual_eval,test,248,232,0.9354838709677419,0,0,0,0,0,0,0,0,True,
casual_eval__121__320ed12a240e,935,spanish,casual_eval,test,187,121,0.6470588235294118,0,0,0,0,1,1,0,0,True,
casual_eval__126__076096e5cf0e,939,spanish,casual_eval,test,78,74,0.9487179487179487,0,0,0,0,0,0,0,0,True,
casual_eval__141__6149b917418d,946,spanish,casual_eval,test,169,174,1.029585798816568,0,0,0,0,0,0,0,0,True,
casual_eval__173__35804e4c008a,952,spanish,casual_eval,test,89,78,0.8764044943820225,0,0,0,0,0,0,0,0,True,
casual_eval__203__13551ee1213a,959,spanish,casual_eval,test,95,96,1.0105263157894737,0,0,0,0,0,0,0,0,True,
casual_eval__207__a37a9972a3d9,961,spanish,casual_eval,test,247,223,0.902834008097166,0,0,0,0,0,0,0,0,True,
casual_eval__252__29f415f9e147,974,spanish,casual_eval,test,69,83,1.2028985507246377,0,0,0,0,0,0,0,0,True,
casual_eval__276__01170eee2636,980,spanish,casual_eval,test,104,106,1.0192307692307692,0,0,0,0,0,0,0,0,True,
casual_eval__291__c1e74df13497,983,spanish,casual_eval,test,62,69,1.1129032258064515,0,0,0,0,0,0,0,0,True,
casual_eval__309__e189a24df5b6,989,spanish,casual_eval,test,139,113,0.8129496402877698,0,0,0,0,0,0,0,0,True,
casual_eval__313__baf966b3261a,990,spanish,casual_eval,test,92,81,0.8804347826086957,0,0,0,0,0,0,0,0,True,
casual_eval__320__ad96884721b4,992,spanish,casual_eval,test,67,78,1.164179104477612,0,0,0,0,2,2,0,0,True,
casual_eval__342__d000016fadef,1001,spanish,casual_eval,test,57,48,0.8421052631578947,0,0,0,0,0,0,0,0,True,
casual_eval__349__3ae3b024bae2,1003,spanish,casual_eval,test,60,62,1.0333333333333334,0,0,0,0,0,0,0,0,True,
casual_eval__360__34240e556b82,1005,spanish,casual_eval,test,91,91,1.0,0,0,0,0,0,0,0,0,True,
casual_eval__384__629953af2c33,1011,spanish,casual_eval,test,65,61,0.9384615384615385,0,0,0,0,0,0,0,0,True,
casual_eval__388__b9e5e11de671,1012,spanish,casual_eval,test,143,134,0.9370629370629371,0,0,0,0,0,0,0,0,True,
casual_eval__399__e5032cba27ca,1016,spanish,casual_eval,test,265,276,1.0415094339622641,0,0,0,0,0,0,0,0,True,
casual_eval__407__0f3288ec831d,1017,spanish,casual_eval,test,117,125,1.0683760683760684,0,0,0,0,0,0,0,0,True,
casual_eval__435__d65965dbb31b,1028,spanish,casual_eval,test,222,226,1.018018018018018,0,0,0,0,0,0,0,0,True,
casual_eval__454__40ae889d7d57,1034,spanish,casual_eval,test,146,158,1.082191780821918,0,0,0,0,1,0,0,0,False,numbers_changed
casual_eval__459__2e86228b0b08,1037,spanish,casual_eval,test,161,183,1.1366459627329193,0,0,0,0,2,2,0,0,True,
casual_eval__463__747f2e5afce2,1038,spanish,casual_eval,test,270,251,0.9296296296296296,0,0,0,0,0,0,0,0,True,
casual_eval__471__1822a4be7718,1040,spanish,casual_eval,test,185,214,1.1567567567567567,0,0,0,0,0,0,0,0,True,
casual_eval__491__ce586cfa8ee6,1043,spanish,casual_eval,test,223,213,0.9551569506726457,0,0,0,0,3,3,0,0,True,
casual_eval__502__abc716884301,1044,spanish,casual_eval,test,115,115,1.0,0,0,0,0,0,0,0,0,True,
casual_eval__535__d1ff6215cef9,1050,spanish,casual_eval,test,534,563,1.054307116104869,0,0,0,0,0,0,0,0,True,
casual_eval__563__fd5e28515e6c,1058,spanish,casual_eval,test,142,161,1.1338028169014085,0,0,0,0,0,0,0,0,True,
casual_eval__574__ee9ff7e88867,1063,spanish,casual_eval,test,63,66,1.0476190476190477,0,0,0,0,0,0,0,0,True,
casual_eval__577__a3f42f6be047,1065,spanish,casual_eval,test,155,201,1.2967741935483872,0,0,0,0,0,0,0,0,True,
casual_eval__580__ec615cc653e7,1066,spanish,casual_eval,test,78,70,0.8974358974358975,0,0,0,0,0,0,0,0,True,
casual_eval__588__5a72b2df4fc0,1070,spanish,casual_eval,test,103,90,0.8737864077669902,0,0,0,0,0,0,0,0,True,
casual_eval__589__e48a729fb4ed,1071,spanish,casual_eval,test,254,255,1.0039370078740157,0,0,0,0,0,0,0,0,True,
casual_eval__598__8fb893d4dbe8,1073,spanish,casual_eval,test,104,126,1.2115384615384615,0,0,0,0,0,0,0,0,True,
casual_eval__635__bbee0d50a754,1079,spanish,casual_eval,test,130,144,1.1076923076923078,0,0,0,0,0,0,0,0,True,
casual_eval__639__6300cd137f97,1082,spanish,casual_eval,test,68,69,1.0147058823529411,0,0,0,0,0,0,0,0,True,
casual_eval__642__8ecad910959a,1084,spanish,casual_eval,test,269,262,0.9739776951672863,0,0,0,0,0,0,0,0,True,
casual_eval__643__6d2689ed64d7,1085,spanish,casual_eval,test,98,93,0.9489795918367347,0,0,0,0,0,0,0,0,True,
casual_eval__670__6a534d943a6b,1091,spanish,casual_eval,test,161,167,1.0372670807453417,0,0,0,0,0,0,0,0,True,
casual_eval__695__d27e4e2c3b2b,1098,spanish,casual_eval,test,56,50,0.8928571428571429,0,0,0,0,0,0,0,0,True,
casual_eval__710__9fd509b03bd0,1100,spanish,casual_eval,test,53,43,0.8113207547169812,0,0,0,0,0,0,0,0,True,
casual_eval__716__5b460b010ca3,1102,spanish,casual_eval,test,52,50,0.9615384615384616,0,0,0,0,0,0,0,0,True,
casual_eval__733__a824ebd0bcdd,1105,spanish,casual_eval,test,119,132,1.1092436974789917,0,0,0,0,0,0,0,0,True,
casual_eval__739__94be8067de2d,1108,spanish,casual_eval,test,286,270,0.9440559440559441,0,0,0,0,0,0,0,0,True,
casual_eval__746__a4f006b9fafc,1110,spanish,casual_eval,test,149,145,0.9731543624161074,0,0,0,0,3,3,0,0,True,
casual_eval__753__d7d9c6ed1b8c,1113,spanish,casual_eval,test,142,151,1.0633802816901408,0,0,0,0,0,0,0,0,True,
casual_eval__760__1cfadfdd0e29,1117,spanish,casual_eval,test,109,104,0.9541284403669725,0,0,0,0,0,0,0,0,True,
casual_eval__763__9015413e8d25,1118,spanish,casual_eval,test,97,71,0.7319587628865979,0,0,0,0,0,0,0,0,True,
casual_eval__776__1e7be718c9ba,1122,spanish,casual_eval,test,66,56,0.8484848484848485,0,0,0,0,0,0,0,0,True,
casual_eval__778__ac398544f0a3,1123,spanish,casual_eval,test,73,80,1.095890410958904,0,0,0,0,0,0,0,0,True,
casual_eval__790__8220cf0f83ca,1124,spanish,casual_eval,test,94,105,1.1170212765957446,0,0,0,0,0,0,0,0,True,
casual_eval__795__e22d0e890f15,1125,spanish,casual_eval,test,103,109,1.058252427184466,0,0,0,0,0,0,0,0,True,
casual_eval__797__93a1b9313efd,1126,spanish,casual_eval,test,69,58,0.8405797101449275,0,0,0,0,0,0,0,0,True,
casual_eval__801__269b53b04852,1127,spanish,casual_eval,test,202,228,1.1287128712871286,0,0,0,0,0,0,0,0,True,
casual_eval__820__8e4ae02c2a96,1131,spanish,casual_eval,test,82,91,1.1097560975609757,0,0,0,0,0,0,0,0,True,
casual_eval__824__5747377f3015,1132,spanish,casual_eval,test,58,55,0.9482758620689655,0,0,0,0,0,0,0,0,True,
casual_eval__827__1b66f4ac0979,1133,spanish,casual_eval,test,251,276,1.099601593625498,0,0,0,0,0,0,0,0,True,
casual_eval__844__299bfb0c8e80,1140,spanish,casual_eval,test,223,241,1.0807174887892377,0,0,0,0,0,0,0,0,True,
casual_eval__879__266157b70c4e,1145,spanish,casual_eval,test,121,111,0.9173553719008265,0,0,0,0,0,0,0,0,True,
casual_eval__893__3006ce008824,1148,spanish,casual_eval,test,72,74,1.0277777777777777,0,0,0,0,0,0,0,0,True,
casual_eval__897__2782323c615c,1150,spanish,casual_eval,test,184,195,1.059782608695652,0,0,0,0,0,0,0,0,True,
casual_eval__907__7d725b2d1a6b,1154,spanish,casual_eval,test,110,51,0.4636363636363636,0,0,0,0,0,0,0,0,True,
casual_eval__909__40d4a5872c79,1155,spanish,casual_eval,test,168,195,1.1607142857142858,0,0,0,0,1,1,0,0,True,
casual_eval__910__d41be2ebc5d4,1156,spanish,casual_eval,test,73,81,1.1095890410958904,0,0,0,0,0,0,0,0,True,
casual_eval__930__751db5a937d2,1159,spanish,casual_eval,test,107,112,1.0467289719626167,0,0,0,0,0,0,0,0,True,
casual_eval__963__140e3abd243f,1166,spanish,casual_eval,test,115,113,0.9826086956521739,0,0,0,0,0,0,0,0,True,
casual_eval__968__d63bf0511e52,1167,spanish,casual_eval,test,74,61,0.8243243243243243,0,0,0,0,2,2,0,0,True,
casual_eval__973__beb86fb9ae19,1168,spanish,casual_eval,test,109,117,1.073394495412844,0,0,0,0,0,0,0,0,True,
casual_eval__985__4b7fc14b8598,1173,spanish,casual_eval,test,79,87,1.1012658227848102,0,0,0,0,1,1,0,0,True,
casual_eval__997__2a4b40f0eea9,1176,spanish,casual_eval,test,199,210,1.0552763819095476,0,0,0,0,0,0,0,0,True,
casual_eval__1014__17b93032b6a6,1179,spanish,casual_eval,test,69,64,0.927536231884058,0,0,0,0,0,0,0,0,True,
casual_eval__1015__e3389f2c79e5,1180,spanish,casual_eval,test,88,100,1.1363636363636365,0,0,0,0,1,1,0,0,True,
casual_eval__1042__2bf85825d4e1,1186,spanish,casual_eval,test,103,119,1.1553398058252426,0,0,0,0,0,0,0,0,True,
casual_eval__1048__3649249823ef,1188,spanish,casual_eval,test,77,59,0.7662337662337663,0,0,0,0,0,0,0,0,True,
casual_eval__1059__008c015371ce,1194,spanish,casual_eval,test,137,146,1.0656934306569343,0,0,0,0,0,0,0,0,True,
casual_eval__1060__e5e5e109a49b,1195,spanish,casual_eval,test,54,43,0.7962962962962963,0,0,0,0,0,0,0,0,True,
casual_eval__1064__f88685cf23c9,1196,spanish,casual_eval,test,198,202,1.02020202020202,0,0,0,0,0,0,0,0,True,
casual_eval__1065__a224e86157fc,1197,spanish,casual_eval,test,114,141,1.236842105263158,0,0,0,0,1,1,0,0,True,
bench_deploy__14__0b25b51f60f4,7,japanese,bench_deploy,test,235,120,0.5106382978723404,2,2,0,0,0,0,0,0,True,
bench_deploy__16__dae57df11b76,8,japanese,bench_deploy,test,310,158,0.5096774193548387,2,2,4,4,0,0,0,0,True,
bench_deploy__24__a58d31dd3aa8,11,japanese,bench_deploy,test,230,153,0.6652173913043479,2,2,0,0,0,0,0,0,True,
bench_deploy__29__08dccc824c2a,14,japanese,bench_deploy,test,143,56,0.3916083916083916,2,2,0,0,0,0,0,0,True,
bench_deploy__37__37389092175d,16,japanese,bench_deploy,test,502,219,0.4362549800796813,2,2,4,4,0,0,0,0,True,
bench_deploy__50__6bcb43441825,20,japanese,bench_deploy,test,304,145,0.4769736842105263,4,4,0,0,4,4,0,0,True,
bench_deploy__58__f84f84be271e,23,japanese,bench_deploy,test,103,47,0.4563106796116505,2,2,0,0,9,8,0,0,False,numbers_changed
bench_deploy__59__8fe149daefac,24,japanese,bench_deploy,test,289,153,0.5294117647058824,0,0,0,0,4,7,0,0,False,numbers_changed
bench_deploy__77__c6356417470e,31,japanese,bench_deploy,test,218,102,0.46788990825688076,2,2,4,4,0,0,0,0,True,
bench_deploy__83__68c4efe4a896,33,japanese,bench_deploy,test,210,71,0.3380952380952381,2,2,0,0,0,0,0,0,True,
bench_deploy__109__24e30aae5492,41,japanese,bench_deploy,test,354,146,0.4124293785310734,2,2,4,4,0,0,0,0,True,
bench_deploy__116__5dcf5dab5d52,44,japanese,bench_deploy,test,331,163,0.49244712990936557,2,2,4,0,0,0,0,0,False,answer_choice_labels_changed
bench_deploy__119__72af078fbb30,45,japanese,bench_deploy,test,175,82,0.4685714285714286,2,2,4,4,5,4,0,0,False,numbers_changed
bench_deploy__122__e19120c426df,47,japanese,bench_deploy,test,245,116,0.47346938775510206,2,2,4,0,0,0,0,0,False,answer_choice_labels_changed
bench_deploy__126__1449228748d0,49,japanese,bench_deploy,test,171,74,0.4327485380116959,2,2,0,0,0,0,0,0,True,
bench_deploy__134__1ff0c9ff6de4,51,japanese,bench_deploy,test,123,79,0.6422764227642277,2,2,0,0,0,0,0,0,True,
bench_deploy__138__bd2d72b62947,53,japanese,bench_deploy,test,118,64,0.5423728813559322,2,2,0,0,0,0,0,0,True,
bench_deploy__157__3babab6436d2,62,japanese,bench_deploy,test,479,213,0.44467640918580376,2,2,0,0,0,0,0,0,True,
bench_deploy__174__4c606d1d806e,65,japanese,bench_deploy,test,216,102,0.4722222222222222,2,2,4,4,0,0,0,0,True,
bench_deploy__175__f52c0b62dbe1,66,japanese,bench_deploy,test,266,112,0.42105263157894735,2,2,4,4,0,0,0,0,True,
bench_deploy__182__075d8e253fc0,68,japanese,bench_deploy,test,166,112,0.6746987951807228,2,2,0,0,0,0,0,0,True,
bench_deploy__187__69e7e1a26f13,70,japanese,bench_deploy,test,159,58,0.36477987421383645,2,2,0,0,0,0,0,0,True,
bench_deploy__198__6e31a24e2a8d,73,japanese,bench_deploy,test,543,214,0.39410681399631675,2,2,4,4,0,2,0,0,False,numbers_changed
bench_deploy__226__8930ca656404,82,japanese,bench_deploy,test,333,145,0.43543543543543545,2,2,4,0,0,0,0,0,False,answer_choice_labels_changed
bench_deploy__231__6f9881f07b16,84,japanese,bench_deploy,test,231,110,0.47619047619047616,2,2,4,4,0,0,0,0,True,
bench_deploy__243__d12c26be7108,88,japanese,bench_deploy,test,312,154,0.4935897435897436,2,2,0,4,0,0,0,0,False,answer_choice_labels_changed
bench_deploy__282__42d6fe2f5ec7,101,japanese,bench_deploy,test,133,87,0.6541353383458647,2,2,0,0,0,0,0,0,True,
bench_deploy__327__80fc1517678c,113,japanese,bench_deploy,test,310,145,0.46774193548387094,2,2,4,0,0,1,0,0,False,answer_choice_labels_changed;numbers_changed
bench_deploy__331__46cffab82a32,115,japanese,bench_deploy,test,281,133,0.47330960854092524,2,2,4,0,0,0,0,0,False,answer_choice_labels_changed
bench_deploy__356__d7ac24cc7679,123,japanese,bench_deploy,test,249,118,0.4738955823293173,0,0,0,0,4,0,0,0,False,numbers_changed
bench_deploy__357__99c36e3fea4d,124,japanese,bench_deploy,test,119,77,0.6470588235294118,0,0,0,0,2,0,0,0,False,numbers_changed
bench_deploy__381__f47febf13ca2,131,japanese,bench_deploy,test,162,88,0.5432098765432098,4,4,0,0,0,0,0,0,True,
bench_deploy__382__f97a4cff94f9,132,japanese,bench_deploy,test,196,97,0.49489795918367346,2,2,0,0,0,0,0,0,True,
bench_deploy__394__b8269bb6a6f0,138,japanese,bench_deploy,test,282,138,0.48936170212765956,2,2,0,0,0,0,0,0,True,
bench_deploy__395__bb60c85c74be,139,japanese,bench_deploy,test,279,105,0.3763440860215054,2,2,0,0,0,1,0,0,False,numbers_changed
bench_deploy__396__821845205973,140,japanese,bench_deploy,test,123,65,0.5284552845528455,0,0,0,0,4,1,0,0,False,numbers_changed
bench_deploy__397__b6009d8c784f,141,japanese,bench_deploy,test,471,196,0.416135881104034,2,2,4,0,0,0,0,0,False,answer_choice_labels_changed
bench_deploy__401__05a2d69b2ac7,142,japanese,bench_deploy,test,147,82,0.5578231292517006,2,2,0,0,0,0,0,0,True,
bench_deploy__417__e576b9fee790,148,japanese,bench_deploy,test,457,208,0.4551422319474836,2,2,4,0,0,0,0,0,False,answer_choice_labels_changed
bench_deploy__427__c9858d72af7e,150,japanese,bench_deploy,test,232,93,0.40086206896551724,2,2,4,4,0,0,0,0,True,
bench_deploy__429__b1430e5caa6f,151,japanese,bench_deploy,test,341,141,0.41348973607038125,2,2,0,0,0,0,0,0,True,
bench_deploy__437__c172d0ff7857,154,japanese,bench_deploy,test,226,92,0.40707964601769914,2,2,0,0,0,0,0,0,True,
bench_deploy__441__4c0e00a5a21a,155,japanese,bench_deploy,test,284,116,0.4084507042253521,2,2,0,0,0,0,0,0,True,
bench_deploy__442__0637d6dae3e0,156,japanese,bench_deploy,test,139,78,0.5611510791366906,2,2,0,0,2,2,0,0,True,
bench_deploy__450__498c9a0e188d,158,japanese,bench_deploy,test,233,106,0.45493562231759654,2,2,0,0,0,0,0,0,True,
bench_deploy__453__070a96289a91,159,japanese,bench_deploy,test,187,83,0.44385026737967914,2,2,4,4,0,0,0,0,True,
bench_deploy__455__fa28060c77b4,161,japanese,bench_deploy,test,330,130,0.3939393939393939,2,2,4,4,0,0,0,0,True,
bench_deploy__464__5aab392b0731,166,japanese,bench_deploy,test,352,185,0.5255681818181818,2,2,4,0,0,0,0,0,False,answer_choice_labels_changed
bench_deploy__481__3f20830ce23a,172,japanese,bench_deploy,test,208,95,0.4567307692307692,0,0,0,0,4,2,0,0,False,numbers_changed
bench_deploy__488__17be96260ce9,174,japanese,bench_deploy,test,169,68,0.40236686390532544,2,2,0,0,0,0,0,0,True,
bench_deploy__503__6d9e7076652a,179,japanese,bench_deploy,test,119,52,0.4369747899159664,0,0,0,0,2,0,0,0,False,numbers_changed
bench_deploy__517__678579ddc5ed,182,japanese,bench_deploy,test,151,87,0.5761589403973509,0,0,0,0,3,1,0,0,False,numbers_changed
bench_deploy__524__41defc869c2b,186,japanese,bench_deploy,test,120,75,0.625,2,2,0,0,0,0,0,0,True,
bench_deploy__527__dadb7b044a2d,187,japanese,bench_deploy,test,167,88,0.5269461077844312,2,2,0,0,0,0,0,0,True,
bench_deploy__528__de5768bdecc4,188,japanese,bench_deploy,test,355,167,0.4704225352112676,2,2,4,4,0,0,0,0,True,
bench_deploy__549__c6096374c9f3,195,japanese,bench_deploy,test,431,160,0.37122969837587005,2,2,0,0,0,0,0,0,True,
bench_deploy__551__798d91cd7847,197,japanese,bench_deploy,test,213,80,0.3755868544600939,2,2,0,0,1,1,0,0,True,
bench_deploy__564__d4d2422a366f,202,japanese,bench_deploy,test,329,159,0.48328267477203646,2,2,4,4,0,0,0,0,True,
bench_deploy__567__3852311ba8e9,203,japanese,bench_deploy,test,294,105,0.35714285714285715,2,2,4,0,0,0,0,0,False,answer_choice_labels_changed
bench_deploy__576__c02c4fd5fd26,206,japanese,bench_deploy,test,188,98,0.5212765957446809,2,2,0,0,0,0,0,0,True,
bench_deploy__593__3c6cc04c654f,211,japanese,bench_deploy,test,358,169,0.4720670391061452,2,2,0,4,0,0,0,0,False,answer_choice_labels_changed
bench_deploy__594__0a795c7d2d82,212,japanese,bench_deploy,test,330,190,0.5757575757575758,2,2,4,0,0,0,0,0,False,answer_choice_labels_changed
bench_deploy__597__2c5045a0a4a1,215,japanese,bench_deploy,test,179,97,0.5418994413407822,2,2,0,0,2,2,0,0,True,
bench_deploy__608__2e8eb478fda1,219,japanese,bench_deploy,test,470,225,0.4787234042553192,2,2,4,4,0,0,0,0,True,
bench_deploy__622__80adaf44813d,226,japanese,bench_deploy,test,168,86,0.5119047619047619,2,2,0,0,0,0,0,0,True,
bench_deploy__626__2b81ba85b1b6,227,japanese,bench_deploy,test,171,94,0.5497076023391813,2,2,0,0,4,4,0,0,True,
bench_deploy__635__8c3da7b87922,231,japanese,bench_deploy,test,210,126,0.6,2,2,0,0,0,0,0,0,True,
bench_deploy__672__51efeac3b04d,243,japanese,bench_deploy,test,114,46,0.40350877192982454,2,2,0,0,0,0,0,0,True,
bench_deploy__673__7f1581232f11,244,japanese,bench_deploy,test,348,171,0.49137931034482757,2,2,4,4,0,0,0,0,True,
bench_deploy__679__58319e86b225,249,japanese,bench_deploy,test,379,182,0.48021108179419525,2,2,4,0,0,0,0,0,False,answer_choice_labels_changed
bench_deploy__688__bf52199100a3,251,japanese,bench_deploy,test,198,91,0.4595959595959596,2,2,4,4,0,0,0,0,True,
bench_deploy__695__73c6e1e33e8b,253,japanese,bench_deploy,test,120,49,0.4083333333333333,2,2,0,0,0,0,0,0,True,
bench_deploy__701__d66a1082551e,255,japanese,bench_deploy,test,452,190,0.42035398230088494,2,2,4,4,0,0,0,0,True,
bench_deploy__704__35ee7a8034fb,256,japanese,bench_deploy,test,311,177,0.5691318327974276,2,2,0,0,1,1,0,0,True,
bench_deploy__707__444f0ffda198,257,japanese,bench_deploy,test,209,119,0.569377990430622,2,2,0,0,0,0,0,0,True,
bench_deploy__718__b9cb94216375,259,japanese,bench_deploy,test,542,278,0.5129151291512916,2,2,4,0,0,0,0,0,False,answer_choice_labels_changed
bench_deploy__723__4185b48a168c,262,japanese,bench_deploy,test,293,138,0.4709897610921502,2,2,0,0,0,0,0,0,True,
bench_deploy__727__600f3c2e4b34,263,japanese,bench_deploy,test,287,137,0.47735191637630664,2,2,4,4,0,0,0,0,True,
bench_deploy__736__baacc1dcddef,264,japanese,bench_deploy,test,274,151,0.551094890510949,2,2,0,0,1,1,0,0,True,
bench_deploy__743__66c8938eb5de,266,japanese,bench_deploy,test,424,176,0.41509433962264153,2,2,5,4,15,0,0,0,False,answer_choice_labels_changed;numbers_changed
bench_deploy__775__54c41c865d0d,277,japanese,bench_deploy,test,215,103,0.4790697674418605,2,2,0,0,0,0,0,0,True,
bench_deploy__789__d5ebbf28f6f3,282,japanese,bench_deploy,test,530,266,0.5018867924528302,2,2,4,4,0,0,0,0,True,
bench_deploy__797__967c703515aa,286,japanese,bench_deploy,test,250,112,0.448,2,2,0,0,0,0,0,0,True,
bench_deploy__799__04f0d999e88f,287,japanese,bench_deploy,test,298,138,0.46308724832214765,2,2,4,4,0,0,0,0,True,
bench_deploy__805__db47c4eba28e,288,japanese,bench_deploy,test,271,164,0.6051660516605166,2,2,4,4,4,2,0,0,False,numbers_changed
bench_deploy__810__442538520c26,289,japanese,bench_deploy,test,186,71,0.3817204301075269,0,0,0,0,3,0,0,0,False,numbers_changed
bench_deploy__811__158126c453d3,290,japanese,bench_deploy,test,394,166,0.4213197969543147,4,4,0,0,0,0,0,0,True,
bench_deploy__814__ae2abe9e2588,291,japanese,bench_deploy,test,244,113,0.46311475409836067,0,0,0,0,2,0,0,0,False,numbers_changed
bench_deploy__820__0841164b1f3e,292,japanese,bench_deploy,test,373,163,0.43699731903485256,2,2,4,0,0,0,0,0,False,answer_choice_labels_changed
bench_deploy__822__322ce711d8c6,294,japanese,bench_deploy,test,311,157,0.5048231511254019,2,2,0,0,0,0,0,0,True,
bench_eval__0__d7def16ca569,300,japanese,bench_eval,test,300,124,0.41333333333333333,1,0,0,0,3,0,0,0,False,numbers_changed
bench_eval__12__865aca24669f,305,japanese,bench_eval,test,286,119,0.4160839160839161,2,2,4,4,0,0,0,0,True,
bench_eval__31__47f76d4953ae,311,japanese,bench_eval,test,236,111,0.4703389830508475,2,2,4,4,0,0,0,0,True,
bench_eval__36__a9d0fa59c918,313,japanese,bench_eval,test,373,148,0.3967828418230563,2,2,4,4,0,0,0,0,True,
bench_eval__37__9eeca2b49ec6,314,japanese,bench_eval,test,228,95,0.4166666666666667,2,2,4,0,0,0,0,0,False,answer_choice_labels_changed
bench_eval__39__a106f750ba38,315,japanese,bench_eval,test,337,128,0.3798219584569733,2,2,0,0,0,0,0,0,True,
bench_eval__49__3299b832b436,317,japanese,bench_eval,test,427,198,0.4637002341920375,5,5,0,0,0,0,0,0,True,
bench_eval__53__0b0358447ffd,318,japanese,bench_eval,test,332,113,0.34036144578313254,2,2,4,4,0,0,0,0,True,
bench_eval__66__1d94a5929d9a,323,japanese,bench_eval,test,105,51,0.4857142857142857,2,2,0,0,4,4,0,0,True,
bench_eval__101__d619f7cdfa10,332,japanese,bench_eval,test,350,180,0.5142857142857142,2,2,0,0,10,8,0,0,False,numbers_changed
bench_eval__109__a5dc1a383c52,333,japanese,bench_eval,test,195,98,0.5025641025641026,1,1,0,0,5,2,0,0,False,numbers_changed
bench_eval__118__2374e1f97cda,336,japanese,bench_eval,test,164,61,0.3719512195121951,2,2,4,4,0,0,0,0,True,
bench_eval__140__061f332e6c60,341,japanese,bench_eval,test,281,90,0.3202846975088968,2,2,4,4,0,0,0,0,True,
bench_eval__150__06e32c434c0d,345,japanese,bench_eval,test,163,58,0.3558282208588957,2,2,0,0,0,0,0,0,True,
bench_eval__161__cd634ac0558b,347,japanese,bench_eval,test,235,73,0.31063829787234043,2,2,0,0,0,0,0,0,True,
bench_eval__162__b257313e6f44,348,japanese,bench_eval,test,284,112,0.39436619718309857,2,2,4,4,0,0,0,0,True,
bench_eval__169__f5d4ab0aebad,349,japanese,bench_eval,test,243,133,0.5473251028806584,1,1,0,0,4,1,0,0,False,numbers_changed
bench_eval__174__9840515fe564,351,japanese,bench_eval,test,249,101,0.40562248995983935,1,1,1,0,3,0,0,0,False,answer_choice_labels_changed;numbers_changed
bench_eval__178__21262cffe882,352,japanese,bench_eval,test,116,60,0.5172413793103449,1,1,0,0,3,2,0,0,False,numbers_changed
bench_eval__187__1ceca8c77342,355,japanese,bench_eval,test,166,75,0.45180722891566266,2,2,0,0,4,4,0,0,True,
bench_eval__225__b64de99cacdb,364,japanese,bench_eval,test,278,99,0.35611510791366907,1,1,0,0,3,0,0,0,False,numbers_changed
bench_eval__235__ea16730f61d2,366,japanese,bench_eval,test,117,45,0.38461538461538464,2,2,0,0,0,0,0,0,True,
bench_eval__250__2b2c1637de4d,369,japanese,bench_eval,test,150,74,0.49333333333333335,2,2,4,4,6,4,0,0,False,numbers_changed
bench_eval__264__591287e1866e,373,japanese,bench_eval,test,180,99,0.55,2,2,0,0,5,5,0,0,True,
bench_eval__270__48d2e7024674,376,japanese,bench_eval,test,607,221,0.3640856672158155,2,2,0,0,0,0,0,0,True,
bench_eval__274__2c318ec9467f,378,japanese,bench_eval,test,480,151,0.3145833333333333,2,2,0,0,0,0,0,0,True,
bench_eval__282__4434f9e1817f,380,japanese,bench_eval,test,130,68,0.5230769230769231,1,1,0,0,4,0,0,0,False,numbers_changed
bench_eval__311__8b8a697aa825,384,japanese,bench_eval,test,444,214,0.481981981981982,2,2,0,0,0,0,0,0,True,
bench_eval__344__3123e5946075,389,japanese,bench_eval,test,476,175,0.36764705882352944,2,2,4,4,4,2,0,0,False,numbers_changed
bench_eval__357__79c0891a6949,392,japanese,bench_eval,test,214,72,0.3364485981308411,2,2,0,0,0,0,0,0,True,
bench_eval__379__56b4a5ed600e,398,japanese,bench_eval,test,571,226,0.3957968476357268,2,2,0,0,0,0,0,0,True,
bench_eval__448__11fb2533f8e4,415,japanese,bench_eval,test,231,118,0.5108225108225108,1,1,0,0,3,1,0,0,False,numbers_changed
bench_eval__458__4670a2e3c215,420,japanese,bench_eval,test,159,63,0.39622641509433965,2,2,4,4,0,0,0,0,True,
bench_eval__495__b50d4d798ea5,427,japanese,bench_eval,test,313,122,0.38977635782747605,2,2,0,0,0,0,0,0,True,
bench_eval__503__563b5f7d44ce,431,japanese,bench_eval,test,494,235,0.4757085020242915,2,2,4,4,0,0,0,0,True,
bench_eval__511__0e12738c527a,433,japanese,bench_eval,test,331,137,0.41389728096676737,2,2,4,4,0,0,0,0,True,
bench_eval__523__8b73ef02cac5,434,japanese,bench_eval,test,302,117,0.38741721854304634,2,2,4,4,0,0,0,0,True,
bench_eval__530__a10c94e503b9,437,japanese,bench_eval,test,118,54,0.4576271186440678,1,1,0,0,3,1,0,0,False,numbers_changed
bench_eval__540__e39719ec8ba7,441,japanese,bench_eval,test,227,101,0.44493392070484583,1,1,0,0,3,1,0,0,False,numbers_changed
bench_eval__568__6b44d553f0e7,450,japanese,bench_eval,test,188,91,0.48404255319148937,1,0,0,0,3,2,0,0,False,numbers_changed
bench_eval__575__8ac30df43fae,452,japanese,bench_eval,test,197,87,0.4416243654822335,1,0,0,0,2,0,0,0,False,numbers_changed
bench_eval__576__0ceba2c0c2b9,453,japanese,bench_eval,test,310,135,0.43548387096774194,2,2,4,4,0,1,0,0,False,numbers_changed
bench_eval__586__10e6cc661405,456,japanese,bench_eval,test,171,78,0.45614035087719296,2,2,4,4,0,0,0,0,True,
bench_eval__593__e6190c36127e,458,japanese,bench_eval,test,123,58,0.4715447154471545,2,2,0,0,0,0,0,0,True,
bench_eval__619__4eea3d3abb1c,462,japanese,bench_eval,test,155,73,0.47096774193548385,1,0,0,0,3,0,0,0,False,numbers_changed
bench_eval__625__2c346b6dc209,464,japanese,bench_eval,test,329,236,0.7173252279635258,2,2,4,4,34,34,0,0,True,
bench_eval__629__ef321fa9203b,466,japanese,bench_eval,test,142,54,0.38028169014084506,2,2,0,0,0,0,0,0,True,
bench_eval__630__fb53574e536f,467,japanese,bench_eval,test,360,189,0.525,2,2,4,4,0,0,0,0,True,
bench_eval__668__28d8b3b4e86e,479,japanese,bench_eval,test,312,105,0.33653846153846156,2,2,0,0,0,0,0,0,True,
bench_eval__677__174e39b49bb9,482,japanese,bench_eval,test,299,134,0.44816053511705684,2,2,0,0,2,0,0,0,False,numbers_changed
bench_eval__678__85a48cda89f6,483,japanese,bench_eval,test,178,87,0.4887640449438202,1,0,0,0,3,0,0,0,False,numbers_changed
bench_eval__693__993ebc3689c3,487,japanese,bench_eval,test,361,172,0.47645429362880887,2,2,4,4,0,0,0,0,True,
bench_eval__695__386df3c1f52d,488,japanese,bench_eval,test,359,155,0.43175487465181056,2,2,4,4,0,0,0,0,True,
bench_eval__701__2c3ef570ac51,489,japanese,bench_eval,test,275,128,0.46545454545454545,1,1,0,0,3,1,0,0,False,numbers_changed
bench_eval__709__e9b7c07dbc30,493,japanese,bench_eval,test,172,91,0.5290697674418605,2,2,4,4,0,0,0,0,True,
bench_eval__722__8b3bda4a81d7,495,japanese,bench_eval,test,450,151,0.33555555555555555,1,0,0,0,1,9,0,0,False,numbers_changed
bench_eval__740__e2c64fa2adc0,503,japanese,bench_eval,test,209,106,0.507177033492823,2,2,4,4,0,0,0,0,True,
bench_eval__741__1e01f6e82d8f,504,japanese,bench_eval,test,526,226,0.4296577946768061,6,6,0,0,1,0,0,0,False,numbers_changed
bench_eval__745__7d3bd24794e9,506,japanese,bench_eval,test,173,83,0.4797687861271676,2,2,4,4,0,0,0,0,True,
bench_eval__764__564dac38c061,510,japanese,bench_eval,test,230,81,0.3521739130434783,2,2,4,0,0,0,0,0,False,answer_choice_labels_changed
bench_eval__769__0708d86ff5c2,512,japanese,bench_eval,test,268,121,0.45149253731343286,2,2,4,4,0,0,0,0,True,
bench_eval__778__b3f10acc443e,513,japanese,bench_eval,test,118,43,0.3644067796610169,2,2,0,0,0,0,0,0,True,
bench_eval__785__8253c09f257a,516,japanese,bench_eval,test,210,88,0.41904761904761906,2,2,4,4,0,0,0,0,True,
bench_eval__812__d4407075ac85,524,japanese,bench_eval,test,145,71,0.4896551724137931,2,2,0,0,0,0,0,0,True,
bench_eval__828__4ac2ebbf2ce0,528,japanese,bench_eval,test,462,190,0.41125541125541126,2,2,4,4,0,0,0,0,True,
bench_eval__833__d883501add8b,531,japanese,bench_eval,test,214,104,0.48598130841121495,2,2,4,4,0,0,0,0,True,
bench_eval__841__ad53933ea9a8,535,japanese,bench_eval,test,271,146,0.5387453874538746,1,1,0,0,5,3,0,0,False,numbers_changed
bench_eval__846__36ba356234be,536,japanese,bench_eval,test,289,131,0.4532871972318339,2,2,0,4,0,0,0,0,False,answer_choice_labels_changed
bench_eval__849__8df03eeed7cb,537,japanese,bench_eval,test,166,101,0.608433734939759,2,2,4,4,0,0,0,0,True,
bench_eval__885__8270743f60be,542,japanese,bench_eval,test,218,95,0.43577981651376146,1,1,0,0,2,0,0,0,False,numbers_changed
bench_eval__895__503df0492593,545,japanese,bench_eval,test,200,103,0.515,1,1,0,0,5,2,0,0,False,numbers_changed
bench_eval__896__cd29be6a9b62,546,japanese,bench_eval,test,272,127,0.46691176470588236,1,1,0,0,4,1,0,0,False,numbers_changed
bench_eval__898__1536eb57c85d,548,japanese,bench_eval,test,129,60,0.46511627906976744,1,1,0,0,1,0,0,0,False,numbers_changed
bench_eval__938__944fad7407f6,556,japanese,bench_eval,test,211,99,0.46919431279620855,1,1,0,0,1,0,0,0,False,numbers_changed
bench_eval__944__cc38fdf531a4,560,japanese,bench_eval,test,455,215,0.4725274725274725,1,1,0,0,2,1,0,0,False,numbers_changed
bench_eval__959__c3f9e4c9be14,564,japanese,bench_eval,test,132,69,0.5227272727272727,2,2,0,0,4,4,0,0,True,
bench_eval__982__cb004fa6841e,571,japanese,bench_eval,test,376,173,0.4601063829787234,2,2,0,0,0,0,0,0,True,
bench_eval__984__fae5dc3a9749,572,japanese,bench_eval,test,334,129,0.38622754491017963,1,0,0,0,6,1,0,0,False,numbers_changed
bench_eval__991__d187025570d3,574,japanese,bench_eval,test,246,105,0.4268292682926829,2,2,4,0,2,0,0,0,False,answer_choice_labels_changed;numbers_changed
bench_eval__994__d302ddcefbee,575,japanese,bench_eval,test,209,86,0.41148325358851673,1,0,0,0,4,0,0,0,False,numbers_changed
bench_eval__999__c4c876ca51d4,577,japanese,bench_eval,test,164,80,0.4878048780487805,2,2,4,0,0,0,0,0,False,answer_choice_labels_changed
bench_eval__1007__636068bc81f9,578,japanese,bench_eval,test,172,97,0.563953488372093,2,2,4,4,0,0,0,0,True,
bench_eval__1010__9ad4f9d4a147,579,japanese,bench_eval,test,308,143,0.4642857142857143,1,0,0,0,5,1,0,0,False,numbers_changed
bench_eval__1012__48ce890ad06f,580,japanese,bench_eval,test,195,106,0.5435897435897435,2,2,4,4,0,0,0,0,True,
bench_eval__1031__4d6bf3c97e6c,583,japanese,bench_eval,test,119,47,0.3949579831932773,2,2,0,0,0,0,0,0,True,
bench_eval__1034__2970cb989e44,584,japanese,bench_eval,test,313,154,0.49201277955271566,1,1,0,0,5,0,0,0,False,numbers_changed
bench_eval__1057__25a7223c42d8,594,japanese,bench_eval,test,397,189,0.4760705289672544,2,2,4,4,0,0,0,0,True,
bench_eval__1064__f2c7a5cefa6c,596,japanese,bench_eval,test,306,118,0.38562091503267976,2,2,4,0,0,0,0,0,False,answer_choice_labels_changed
bench_eval__1067__288b68f5c882,597,japanese,bench_eval,test,326,156,0.4785276073619632,1,0,0,0,6,5,0,0,False,numbers_changed
bench_eval__1068__04dbe739f7dd,598,japanese,bench_eval,test,346,165,0.476878612716763,1,1,0,0,5,0,0,0,False,numbers_changed
casual_deploy__5__c6962d9e473d,601,japanese,casual_deploy,test,158,83,0.5253164556962026,0,0,0,0,0,0,0,0,True,
casual_deploy__11__3f69b514493d,604,japanese,casual_deploy,test,120,74,0.6166666666666667,0,0,0,0,3,2,0,0,False,numbers_changed
casual_deploy__22__0e5079130f4b,605,japanese,casual_deploy,test,127,99,0.7795275590551181,4,4,0,0,4,4,0,0,True,
casual_deploy__23__a01f86078163,606,japanese,casual_deploy,test,121,83,0.6859504132231405,0,0,0,0,0,0,0,0,True,
casual_deploy__41__abd827302bed,611,japanese,casual_deploy,test,157,93,0.5923566878980892,0,0,0,0,2,0,0,0,False,numbers_changed
casual_deploy__42__618887db6a77,612,japanese,casual_deploy,test,54,21,0.3888888888888889,0,0,0,0,0,0,0,0,True,
casual_deploy__86__74ffcdd293d9,623,japanese,casual_deploy,test,116,82,0.7068965517241379,0,0,0,0,0,0,0,0,True,
casual_deploy__93__8df32ea449a1,626,japanese,casual_deploy,test,120,79,0.6583333333333333,2,2,0,0,0,0,0,0,True,
casual_deploy__94__4abf4e8449d0,627,japanese,casual_deploy,test,152,77,0.506578947368421,0,0,0,0,0,0,0,0,True,
casual_deploy__111__94dc64d80dd5,631,japanese,casual_deploy,test,96,75,0.78125,1,0,0,0,0,0,0,0,True,
casual_deploy__118__08c41753528a,635,japanese,casual_deploy,test,301,175,0.5813953488372093,0,0,0,0,1,0,0,0,False,numbers_changed
casual_deploy__120__bf30e71116bb,636,japanese,casual_deploy,test,123,54,0.43902439024390244,0,0,0,0,0,0,0,0,True,
casual_deploy__149__d1ef2c0438bc,645,japanese,casual_deploy,test,165,98,0.593939393939394,0,0,1,0,0,0,0,0,False,answer_choice_labels_changed
casual_deploy__164__2271373c847a,647,japanese,casual_deploy,test,95,53,0.5578947368421052,0,0,0,0,0,0,0,0,True,
casual_deploy__176__b5acf79b9208,651,japanese,casual_deploy,test,126,67,0.5317460317460317,0,0,0,0,0,0,0,0,True,
casual_deploy__207__ff8c3415f2a5,659,japanese,casual_deploy,test,252,69,0.27380952380952384,0,2,0,0,0,0,0,0,True,
casual_deploy__222__8395355cf2f9,667,japanese,casual_deploy,test,53,39,0.7358490566037735,0,0,0,0,0,0,0,0,True,
casual_deploy__232__0dd99c86d646,668,japanese,casual_deploy,test,136,79,0.5808823529411765,0,0,0,0,0,0,0,0,True,
casual_deploy__235__27a9a1d899c2,671,japanese,casual_deploy,test,96,67,0.6979166666666666,0,0,0,0,0,0,0,0,True,
casual_deploy__239__50ddbdf97d2f,673,japanese,casual_deploy,test,133,68,0.5112781954887218,0,0,0,0,2,2,0,0,True,
casual_deploy__248__867bc20f5e89,675,japanese,casual_deploy,test,181,85,0.4696132596685083,0,0,0,0,3,0,0,0,False,numbers_changed
casual_deploy__256__2ba4a712cfdd,678,japanese,casual_deploy,test,245,120,0.4897959183673469,0,0,0,0,0,0,0,0,True,
casual_deploy__293__a131ce102064,691,japanese,casual_deploy,test,136,81,0.5955882352941176,0,0,0,0,3,0,0,0,False,numbers_changed
casual_deploy__319__65c149a7abc2,700,japanese,casual_deploy,test,210,101,0.48095238095238096,0,0,0,0,0,0,0,0,True,
casual_deploy__332__cf823a564f07,704,japanese,casual_deploy,test,215,86,0.4,0,0,0,0,0,0,0,0,True,
casual_deploy__369__40a5b6b285bf,713,japanese,casual_deploy,test,150,67,0.44666666666666666,0,0,0,0,0,1,0,0,False,numbers_changed
casual_deploy__373__1cefd5400902,716,japanese,casual_deploy,test,213,87,0.4084507042253521,0,0,0,0,2,2,0,0,False,numbers_changed
casual_deploy__381__79f3c8d6d702,717,japanese,casual_deploy,test,94,54,0.574468085106383,0,0,0,0,0,0,0,0,True,
casual_deploy__394__087ce58e5883,720,japanese,casual_deploy,test,121,71,0.5867768595041323,1,0,0,0,0,0,0,0,True,
casual_deploy__429__756150266aac,729,japanese,casual_deploy,test,191,98,0.5130890052356021,0,0,0,0,1,0,0,0,False,numbers_changed
casual_deploy__434__fe9a5fb81d00,732,japanese,casual_deploy,test,231,117,0.5064935064935064,0,0,0,0,1,1,0,0,False,numbers_changed
casual_deploy__439__a3a39768eb64,733,japanese,casual_deploy,test,124,48,0.3870967741935484,0,0,0,0,0,0,0,0,True,
casual_deploy__445__e0aba3447aba,734,japanese,casual_deploy,test,100,53,0.53,0,0,0,0,1,1,0,0,True,
casual_deploy__446__7552230ad194,735,japanese,casual_deploy,test,153,70,0.45751633986928103,0,0,0,0,0,0,0,0,True,
casual_deploy__447__a6bd5b36633a,736,japanese,casual_deploy,test,125,76,0.608,0,0,0,0,1,0,0,0,False,numbers_changed
casual_deploy__448__5923416facf1,737,japanese,casual_deploy,test,104,72,0.6923076923076923,0,0,0,0,1,1,0,0,True,
casual_deploy__483__3260994a1e58,742,japanese,casual_deploy,test,86,40,0.46511627906976744,0,0,0,0,0,0,0,0,True,
casual_deploy__485__ac33a3166552,744,japanese,casual_deploy,test,59,28,0.4745762711864407,0,0,0,0,0,0,0,0,True,
casual_deploy__495__10b0c74111ad,746,japanese,casual_deploy,test,306,204,0.6666666666666666,0,0,0,0,0,0,0,0,True,
casual_deploy__502__289f85f92f30,748,japanese,casual_deploy,test,206,101,0.49029126213592233,0,0,0,0,4,2,0,0,False,numbers_changed
casual_deploy__504__ccc6afed99c3,749,japanese,casual_deploy,test,66,28,0.42424242424242425,0,0,0,0,0,0,0,0,True,
casual_deploy__521__bed581344b45,752,japanese,casual_deploy,test,115,71,0.6173913043478261,0,0,0,0,1,2,0,0,False,numbers_changed
casual_deploy__532__730263dcdcf2,754,japanese,casual_deploy,test,258,150,0.5813953488372093,0,0,0,0,2,1,0,0,False,numbers_changed
casual_deploy__534__5f2a03b6d3b2,755,japanese,casual_deploy,test,57,23,0.40350877192982454,0,0,0,0,0,0,0,0,True,
casual_deploy__578__258feb208c5b,764,japanese,casual_deploy,test,191,90,0.4712041884816754,0,0,0,0,0,0,0,0,True,
casual_deploy__585__6b56e1cc3b2e,767,japanese,casual_deploy,test,110,69,0.6272727272727273,0,0,0,0,2,0,0,0,False,numbers_changed
casual_deploy__605__e0d3a6756c5e,773,japanese,casual_deploy,test,84,44,0.5238095238095238,0,0,0,0,0,0,0,0,True,
casual_deploy__623__6c63836720af,776,japanese,casual_deploy,test,171,123,0.7192982456140351,0,0,0,0,0,0,0,0,True,
casual_deploy__636__719064e83a38,778,japanese,casual_deploy,test,52,23,0.4423076923076923,0,0,0,0,0,0,0,0,True,
casual_deploy__638__0dd25a498615,779,japanese,casual_deploy,test,166,83,0.5,0,0,0,0,1,0,0,0,False,numbers_changed
casual_deploy__645__3ba0cb44d5bc,782,japanese,casual_deploy,test,65,43,0.6615384615384615,0,0,0,0,0,0,0,0,True,
casual_deploy__648__dfd9ccc74db9,784,japanese,casual_deploy,test,179,120,0.6703910614525139,0,2,0,0,2,1,0,0,False,numbers_changed
casual_deploy__650__931470c32ccf,785,japanese,casual_deploy,test,193,85,0.44041450777202074,0,0,0,0,0,0,0,0,True,
casual_deploy__654__919d76336a98,786,japanese,casual_deploy,test,95,41,0.43157894736842106,0,0,0,0,0,0,0,0,True,
casual_deploy__662__a9cdf3cab1ba,787,japanese,casual_deploy,test,66,43,0.6515151515151515,0,0,0,0,0,0,0,0,True,
casual_deploy__664__3eaf85862ae9,788,japanese,casual_deploy,test,184,96,0.5217391304347826,2,0,0,0,1,0,0,0,False,numbers_changed
casual_deploy__668__55b79209a6f2,789,japanese,casual_deploy,test,142,75,0.528169014084507,0,0,0,0,0,0,0,0,True,
casual_deploy__692__93502705dab9,790,japanese,casual_deploy,test,70,33,0.4714285714285714,0,0,0,0,2,2,0,0,True,
casual_deploy__706__c2a5a928eacd,794,japanese,casual_deploy,test,279,127,0.4551971326164875,0,0,0,0,2,1,0,0,False,numbers_changed
casual_deploy__722__f432e13aad1b,798,japanese,casual_deploy,test,92,44,0.4782608695652174,0,0,0,0,0,0,0,0,True,
casual_deploy__724__039335fcf1ed,799,japanese,casual_deploy,test,224,81,0.36160714285714285,0,0,0,0,0,0,0,0,True,
casual_deploy__727__dc6e1babb909,802,japanese,casual_deploy,test,114,56,0.49122807017543857,0,0,0,0,1,1,0,0,True,
casual_deploy__730__c5e8274a1c5d,805,japanese,casual_deploy,test,53,38,0.7169811320754716,0,0,0,0,0,0,0,0,True,
casual_deploy__744__e9471dc16016,810,japanese,casual_deploy,test,121,70,0.5785123966942148,0,0,0,0,0,0,0,0,True,
casual_deploy__745__b1ed3693f86f,811,japanese,casual_deploy,test,150,91,0.6066666666666667,0,0,0,0,0,0,0,0,True,
casual_deploy__750__4f65f456d061,814,japanese,casual_deploy,test,136,74,0.5441176470588235,0,0,0,0,0,0,0,0,True,
casual_deploy__755__44eb3f3c7862,815,japanese,casual_deploy,test,98,47,0.47959183673469385,0,0,0,0,0,0,0,0,True,
casual_deploy__766__5343e7f881fe,818,japanese,casual_deploy,test,147,73,0.4965986394557823,0,0,0,0,3,1,0,0,False,numbers_changed
casual_deploy__768__e3ff564a649c,819,japanese,casual_deploy,test,91,48,0.5274725274725275,0,0,0,0,0,0,0,0,True,
casual_deploy__770__abe7422d5ba9,820,japanese,casual_deploy,test,127,31,0.2440944881889764,0,0,0,0,0,0,0,0,True,
casual_deploy__771__c9b063da8977,821,japanese,casual_deploy,test,580,479,0.8258620689655173,12,11,0,0,103,101,0,0,False,numbers_changed
casual_deploy__774__2051f73f090c,822,japanese,casual_deploy,test,77,38,0.4935064935064935,0,0,0,0,0,0,0,0,True,
casual_deploy__793__853049e64686,827,japanese,casual_deploy,test,123,65,0.5284552845528455,0,0,0,0,0,0,0,0,True,
casual_deploy__794__fa96ec930e91,828,japanese,casual_deploy,test,291,151,0.5189003436426117,0,2,0,0,6,3,0,0,False,numbers_changed
casual_deploy__804__068820945bc9,831,japanese,casual_deploy,test,287,143,0.49825783972125437,1,1,0,0,0,0,0,0,True,
casual_deploy__816__6bdc7cf2ff7e,836,japanese,casual_deploy,test,63,29,0.4603174603174603,0,0,0,0,0,0,0,0,True,
casual_deploy__836__fa1a01503de8,841,japanese,casual_deploy,test,125,67,0.536,0,0,0,0,0,0,0,0,True,
casual_deploy__847__29e72a8c8763,844,japanese,casual_deploy,test,123,73,0.5934959349593496,0,0,0,0,2,0,0,0,False,numbers_changed
casual_deploy__851__46bd03545f52,847,japanese,casual_deploy,test,188,89,0.4734042553191489,0,0,0,0,0,0,0,0,True,
casual_deploy__888__1471958d3379,853,japanese,casual_deploy,test,160,101,0.63125,0,0,0,0,2,1,0,0,False,numbers_changed
casual_deploy__902__f400ad80d6ab,858,japanese,casual_deploy,test,62,31,0.5,0,0,0,0,0,0,0,0,True,
casual_deploy__948__0ee962b4e385,869,japanese,casual_deploy,test,122,70,0.5737704918032787,0,0,0,0,1,0,0,0,False,numbers_changed
casual_deploy__973__12aa47f067d7,877,japanese,casual_deploy,test,76,26,0.34210526315789475,0,0,0,0,0,0,0,0,True,
casual_deploy__974__d4fc17b17945,878,japanese,casual_deploy,test,283,146,0.5159010600706714,0,0,0,0,0,0,0,0,True,
casual_deploy__994__b9aff81dfc93,881,japanese,casual_deploy,test,123,81,0.6585365853658537,0,0,0,0,0,0,0,0,True,
casual_deploy__1001__c6c27b8f1cd4,882,japanese,casual_deploy,test,134,75,0.5597014925373134,0,0,0,0,2,1,0,0,False,numbers_changed
casual_deploy__1024__a2a2d7a42f48,888,japanese,casual_deploy,test,121,45,0.371900826446281,0,0,0,0,0,0,0,0,True,
casual_deploy__1028__a27f96fedfce,890,japanese,casual_deploy,test,133,69,0.518796992481203,0,0,0,0,0,1,0,0,False,numbers_changed
casual_deploy__1074__9df8d68c09c5,898,japanese,casual_deploy,test,241,151,0.6265560165975104,0,0,0,0,2,1,0,0,False,numbers_changed
casual_deploy__1075__4f1bf23ed15a,899,japanese,casual_deploy,test,60,42,0.7,0,0,0,0,0,0,0,0,True,
casual_eval__3__7bc6c7c9dcf1,900,japanese,casual_eval,test,67,39,0.582089552238806,0,0,0,0,0,0,0,0,True,
casual_eval__7__7a18b0406a1c,902,japanese,casual_eval,test,83,44,0.5301204819277109,0,0,0,0,0,0,0,0,True,
casual_eval__8__c661199102d4,903,japanese,casual_eval,test,148,69,0.46621621621621623,0,0,0,0,0,0,0,0,True,
casual_eval__32__b88f99b5b6dc,912,japanese,casual_eval,test,76,28,0.3684210526315789,0,0,0,0,0,0,0,0,True,
casual_eval__33__80db60b87357,913,japanese,casual_eval,test,63,26,0.4126984126984127,0,0,0,0,0,0,0,0,True,
casual_eval__50__cace06b97f9d,919,japanese,casual_eval,test,145,57,0.3931034482758621,0,0,0,0,0,0,0,0,True,
casual_eval__54__0d7ea239d28f,921,japanese,casual_eval,test,150,77,0.5133333333333333,0,0,0,0,0,0,0,0,True,
casual_eval__60__04864b643893,922,japanese,casual_eval,test,53,26,0.49056603773584906,0,0,0,0,0,0,0,0,True,
casual_eval__72__8a232442fc95,924,japanese,casual_eval,test,135,75,0.5555555555555556,0,0,0,0,0,0,0,0,True,
casual_eval__111__bab380327425,931,japanese,casual_eval,test,115,55,0.4782608695652174,0,0,0,0,0,0,0,0,True,
casual_eval__113__d91b4e10d7b3,932,japanese,casual_eval,test,174,63,0.3620689655172414,0,0,0,0,0,0,0,0,True,
casual_eval__118__b2bdd4316712,934,japanese,casual_eval,test,248,103,0.4153225806451613,0,0,0,0,0,0,0,0,True,
casual_eval__121__320ed12a240e,935,japanese,casual_eval,test,187,110,0.5882352941176471,0,0,0,0,1,1,0,0,True,
casual_eval__126__076096e5cf0e,939,japanese,casual_eval,test,78,31,0.3974358974358974,0,0,0,0,0,0,0,0,True,
casual_eval__141__6149b917418d,946,japanese,casual_eval,test,169,66,0.3905325443786982,0,0,0,0,0,0,0,0,True,
casual_eval__173__35804e4c008a,952,japanese,casual_eval,test,89,52,0.5842696629213483,0,0,0,0,0,0,0,0,True,
casual_eval__203__13551ee1213a,959,japanese,casual_eval,test,95,47,0.49473684210526314,0,0,0,0,0,0,0,0,True,
casual_eval__207__a37a9972a3d9,961,japanese,casual_eval,test,247,119,0.4817813765182186,0,0,0,0,0,0,0,0,True,
casual_eval__252__29f415f9e147,974,japanese,casual_eval,test,69,27,0.391304347826087,0,0,0,0,0,0,0,0,True,
casual_eval__276__01170eee2636,980,japanese,casual_eval,test,104,50,0.4807692307692308,0,0,0,0,0,0,0,0,True,
casual_eval__291__c1e74df13497,983,japanese,casual_eval,test,62,32,0.5161290322580645,0,0,0,0,0,0,0,0,True,
casual_eval__309__e189a24df5b6,989,japanese,casual_eval,test,139,57,0.41007194244604317,0,0,0,0,0,0,0,0,True,
casual_eval__313__baf966b3261a,990,japanese,casual_eval,test,92,46,0.5,0,0,0,0,0,0,0,0,True,
casual_eval__320__ad96884721b4,992,japanese,casual_eval,test,67,28,0.417910447761194,0,0,0,0,2,1,0,0,False,numbers_changed
casual_eval__342__d000016fadef,1001,japanese,casual_eval,test,57,33,0.5789473684210527,0,0,0,0,0,0,0,0,True,
casual_eval__349__3ae3b024bae2,1003,japanese,casual_eval,test,60,25,0.4166666666666667,0,0,0,0,0,0,0,0,True,
casual_eval__360__34240e556b82,1005,japanese,casual_eval,test,91,51,0.5604395604395604,0,0,0,0,0,0,0,0,True,
casual_eval__384__629953af2c33,1011,japanese,casual_eval,test,65,33,0.5076923076923077,0,0,0,0,0,0,0,0,True,
casual_eval__388__b9e5e11de671,1012,japanese,casual_eval,test,143,60,0.4195804195804196,0,0,0,0,0,0,0,0,True,
casual_eval__399__e5032cba27ca,1016,japanese,casual_eval,test,265,121,0.45660377358490567,0,0,0,0,0,0,0,0,True,
casual_eval__407__0f3288ec831d,1017,japanese,casual_eval,test,117,71,0.6068376068376068,0,1,0,0,0,0,0,0,True,
casual_eval__435__d65965dbb31b,1028,japanese,casual_eval,test,222,99,0.44594594594594594,0,0,0,0,0,0,0,0,True,
casual_eval__454__40ae889d7d57,1034,japanese,casual_eval,test,146,45,0.3082191780821918,0,0,0,0,1,0,0,0,False,numbers_changed
casual_eval__459__2e86228b0b08,1037,japanese,casual_eval,test,161,83,0.515527950310559,0,0,0,0,2,1,0,0,False,numbers_changed
casual_eval__463__747f2e5afce2,1038,japanese,casual_eval,test,270,132,0.4888888888888889,0,0,0,0,0,0,0,0,True,
casual_eval__471__1822a4be7718,1040,japanese,casual_eval,test,185,93,0.5027027027027027,0,0,0,0,0,0,0,0,True,
casual_eval__491__ce586cfa8ee6,1043,japanese,casual_eval,test,223,101,0.452914798206278,0,0,0,0,3,1,0,0,False,numbers_changed
casual_eval__502__abc716884301,1044,japanese,casual_eval,test,115,51,0.4434782608695652,0,0,0,0,0,0,0,0,True,
casual_eval__535__d1ff6215cef9,1050,japanese,casual_eval,test,534,252,0.47191011235955055,0,0,0,0,0,1,0,0,False,numbers_changed
casual_eval__563__fd5e28515e6c,1058,japanese,casual_eval,test,142,60,0.4225352112676056,0,0,0,0,0,0,0,0,True,
casual_eval__574__ee9ff7e88867,1063,japanese,casual_eval,test,63,25,0.3968253968253968,0,0,0,0,0,0,0,0,True,
casual_eval__577__a3f42f6be047,1065,japanese,casual_eval,test,155,86,0.5548387096774193,0,0,0,0,0,0,0,0,True,
casual_eval__580__ec615cc653e7,1066,japanese,casual_eval,test,78,33,0.4230769230769231,0,0,0,0,0,0,0,0,True,
casual_eval__588__5a72b2df4fc0,1070,japanese,casual_eval,test,103,59,0.5728155339805825,0,0,0,0,0,0,0,0,True,
casual_eval__589__e48a729fb4ed,1071,japanese,casual_eval,test,254,118,0.4645669291338583,0,0,0,0,0,1,0,0,False,numbers_changed
casual_eval__598__8fb893d4dbe8,1073,japanese,casual_eval,test,104,54,0.5192307692307693,0,0,0,0,0,0,0,0,True,
casual_eval__635__bbee0d50a754,1079,japanese,casual_eval,test,130,65,0.5,0,0,0,0,0,0,0,0,True,
casual_eval__639__6300cd137f97,1082,japanese,casual_eval,test,68,39,0.5735294117647058,0,0,0,0,0,0,0,0,True,
casual_eval__642__8ecad910959a,1084,japanese,casual_eval,test,269,127,0.4721189591078067,0,0,0,0,0,0,0,0,True,
casual_eval__643__6d2689ed64d7,1085,japanese,casual_eval,test,98,45,0.45918367346938777,0,0,0,0,0,0,0,0,True,
casual_eval__670__6a534d943a6b,1091,japanese,casual_eval,test,161,75,0.4658385093167702,0,0,0,0,0,0,0,0,True,
casual_eval__695__d27e4e2c3b2b,1098,japanese,casual_eval,test,56,27,0.48214285714285715,0,0,0,0,0,0,0,0,True,
casual_eval__710__9fd509b03bd0,1100,japanese,casual_eval,test,53,17,0.32075471698113206,0,0,0,0,0,0,0,0,True,
casual_eval__716__5b460b010ca3,1102,japanese,casual_eval,test,52,20,0.38461538461538464,0,0,0,0,0,0,0,0,True,
casual_eval__733__a824ebd0bcdd,1105,japanese,casual_eval,test,119,55,0.46218487394957986,0,0,0,0,0,0,0,0,True,
casual_eval__739__94be8067de2d,1108,japanese,casual_eval,test,286,137,0.479020979020979,0,0,0,0,0,0,0,0,True,
casual_eval__746__a4f006b9fafc,1110,japanese,casual_eval,test,149,67,0.44966442953020136,0,0,0,0,3,1,0,0,False,numbers_changed
casual_eval__753__d7d9c6ed1b8c,1113,japanese,casual_eval,test,142,60,0.4225352112676056,0,0,0,0,0,0,0,0,True,
casual_eval__760__1cfadfdd0e29,1117,japanese,casual_eval,test,109,71,0.6513761467889908,0,0,0,0,0,0,0,0,True,
casual_eval__763__9015413e8d25,1118,japanese,casual_eval,test,97,44,0.4536082474226804,0,0,0,0,0,0,0,0,True,
casual_eval__776__1e7be718c9ba,1122,japanese,casual_eval,test,66,41,0.6212121212121212,0,0,0,0,0,0,0,0,True,
casual_eval__778__ac398544f0a3,1123,japanese,casual_eval,test,73,35,0.4794520547945205,0,0,0,0,0,0,0,0,True,
casual_eval__790__8220cf0f83ca,1124,japanese,casual_eval,test,94,44,0.46808510638297873,0,0,0,0,0,0,0,0,True,
casual_eval__795__e22d0e890f15,1125,japanese,casual_eval,test,103,40,0.3883495145631068,0,0,0,0,0,0,0,0,True,
casual_eval__797__93a1b9313efd,1126,japanese,casual_eval,test,69,29,0.42028985507246375,0,0,0,0,0,1,0,0,False,numbers_changed
casual_eval__801__269b53b04852,1127,japanese,casual_eval,test,202,95,0.47029702970297027,0,0,0,0,0,0,0,0,True,
casual_eval__820__8e4ae02c2a96,1131,japanese,casual_eval,test,82,45,0.5487804878048781,0,0,0,0,0,0,0,0,True,
casual_eval__824__5747377f3015,1132,japanese,casual_eval,test,58,27,0.46551724137931033,0,0,0,0,0,0,0,0,True,
casual_eval__827__1b66f4ac0979,1133,japanese,casual_eval,test,251,120,0.47808764940239046,0,0,0,0,0,0,0,0,True,
casual_eval__844__299bfb0c8e80,1140,japanese,casual_eval,test,223,95,0.4260089686098655,0,0,0,0,0,0,0,0,True,
casual_eval__879__266157b70c4e,1145,japanese,casual_eval,test,121,54,0.4462809917355372,0,0,0,0,0,0,0,0,True,
casual_eval__893__3006ce008824,1148,japanese,casual_eval,test,72,39,0.5416666666666666,0,0,0,0,0,0,0,0,True,
casual_eval__897__2782323c615c,1150,japanese,casual_eval,test,184,84,0.45652173913043476,0,0,0,0,0,0,0,0,True,
casual_eval__907__7d725b2d1a6b,1154,japanese,casual_eval,test,110,60,0.5454545454545454,0,0,0,0,0,0,0,0,True,
casual_eval__909__40d4a5872c79,1155,japanese,casual_eval,test,168,86,0.5119047619047619,0,0,0,0,1,0,0,0,False,numbers_changed
casual_eval__910__d41be2ebc5d4,1156,japanese,casual_eval,test,73,40,0.547945205479452,0,0,0,0,0,0,0,0,True,
casual_eval__930__751db5a937d2,1159,japanese,casual_eval,test,107,45,0.4205607476635514,0,0,0,0,0,0,0,0,True,
casual_eval__963__140e3abd243f,1166,japanese,casual_eval,test,115,38,0.33043478260869563,0,0,0,0,0,1,0,0,False,numbers_changed
casual_eval__968__d63bf0511e52,1167,japanese,casual_eval,test,74,22,0.2972972972972973,0,0,0,0,2,0,0,0,False,numbers_changed
casual_eval__973__beb86fb9ae19,1168,japanese,casual_eval,test,109,55,0.5045871559633027,0,0,0,0,0,0,0,0,True,
casual_eval__985__4b7fc14b8598,1173,japanese,casual_eval,test,79,32,0.4050632911392405,0,0,0,0,1,0,0,0,False,numbers_changed
casual_eval__997__2a4b40f0eea9,1176,japanese,casual_eval,test,199,99,0.49748743718592964,0,0,0,0,0,0,0,0,True,
casual_eval__1014__17b93032b6a6,1179,japanese,casual_eval,test,69,32,0.463768115942029,0,0,0,0,0,0,0,0,True,
casual_eval__1015__e3389f2c79e5,1180,japanese,casual_eval,test,88,46,0.5227272727272727,0,0,0,0,1,1,0,0,True,
casual_eval__1042__2bf85825d4e1,1186,japanese,casual_eval,test,103,46,0.44660194174757284,0,0,0,0,0,0,0,0,True,
casual_eval__1048__3649249823ef,1188,japanese,casual_eval,test,77,30,0.38961038961038963,0,0,0,0,0,0,0,0,True,
casual_eval__1059__008c015371ce,1194,japanese,casual_eval,test,137,63,0.45985401459854014,0,0,0,0,0,0,0,0,True,
casual_eval__1060__e5e5e109a49b,1195,japanese,casual_eval,test,54,25,0.46296296296296297,0,0,0,0,0,0,0,0,True,
casual_eval__1064__f88685cf23c9,1196,japanese,casual_eval,test,198,94,0.47474747474747475,0,0,0,0,0,0,0,0,True,
casual_eval__1065__a224e86157fc,1197,japanese,casual_eval,test,114,60,0.5263157894736842,0,0,0,0,1,0,0,0,False,numbers_changed
