seed,rows,rows_per_quadrant,mean_cv_auroc,std_fold_auroc_population,min_fold_auroc,max_fold_auroc,selection_and_fold_sha256,overlap_with_frozen_train,overlap_with_frozen_test
42,840,210,0.9011904761904763,0.00999783695838469,0.88718820861678,0.9158163265306123,9d5f8cebe5fcb5f59f075e38aaf92e15eef8abec54e8356fa6d1f4d3550d0fea,211,0
43,840,210,0.9077380952380952,0.016220484205358824,0.8898809523809523,0.935374149659864,542ff3afe828d7a58d0443862882e59d470bf998da376d9015a7cffbb6d20f03,220,0
44,840,210,0.918140589569161,0.0131167550057788,0.8975340136054422,0.9319727891156462,7795ee4680d48f7291ca2459d0f7c91063b99f27c27590baea114e294bcff2f4,217,0
45,840,210,0.9042233560090702,0.020327971383681906,0.8853458049886621,0.9382086167800454,93c046c4a6e781bc397bcc801c30527347462dcbdcf0f7f72cbeace5fa719bdc,239,0
46,840,210,0.900907029478458,0.009282782450892304,0.8894557823129251,0.915391156462585,2d58b3a2f10f3cf60d4dd7681c8aad5a94c630fc3366b8381df06700511fd32f,216,0
47,840,210,0.9122165532879819,0.015818409066482107,0.8825113378684807,0.9246031746031746,d68ddb6c4671bdd9fef72b3f61c668e8266065036fd2190ef02ea4c2d773f245,222,0
48,840,210,0.9168367346938776,0.020105424945963037,0.8979591836734694,0.9546485260770975,a6c59b4d67a19b0d65395a5d256bdbed51c09aec78128dc4238a58b877903529,222,0
49,840,210,0.9316043083900227,0.008958261473631145,0.9166666666666666,0.9448696145124718,b0fb09d562939f208dfe4a2a61e7f6354c96d8c0ab3a273f7ecca4dde27ce169,223,0
50,840,210,0.9179421768707485,0.02521959056392286,0.8778344671201814,0.9570578231292517,f7d228346bc8feb17f5fabc49ac1df5166e1bd72f061835a3cd7be8fca002d17,205,0
51,840,210,0.910685941043084,0.013502420803990712,0.8922902494331065,0.9260204081632654,50065f14fcbaa17333760fe765203875f15f2f67dc714c5f3cca2e7ae8c91a00,222,0
52,840,210,0.8980442176870749,0.0238312111033427,0.8697562358276644,0.9322562358276644,8683a750dba8c2daac0438a659a886b93cdc1b77c0db16d7e933cfb3a2d286d7,225,0
53,840,210,0.9189342403628118,0.02387742046767207,0.8734410430839001,0.9433106575963719,8eca6cd6da14af8cc3001165725e255771b5dcc3644c72533a76142500f9cefd,229,0
54,840,210,0.9111961451247165,0.004895182981164682,0.9036281179138322,0.9176587301587301,1eeaf079e72f8e42439944bacf7cffb29f396e1900714f71d54476db2dd025c7,213,0
55,840,210,0.923611111111111,0.011094685090998424,0.9108560090702947,0.9392006802721089,ecf0088545c924552486b3492d130b2dea95c8a06c6cf6d68fd2c9201e2c2b4e,203,0
56,840,210,0.9169217687074831,0.017897679218153394,0.8898809523809524,0.9447278911564626,65609ccd5584e11c91ae7ea45ca25986b5360cdc61bd5904463ebe4be2af30bf,242,0
57,840,210,0.9124149659863946,0.010863814000417677,0.8986678004535148,0.9244614512471655,0248b43cf4fbcd77722a9d4363101e98b8d5943c48a9a2307d0dd3d9520b4bbb,209,0
58,840,210,0.9170634920634921,0.01686672279955499,0.8900226757369614,0.9362244897959183,ecd8dbe77ee7cb63f1d049ac85940fee635d8127d1395666b35a60e3e9e70587,211,0
59,840,210,0.9059523809523808,0.013706223953701845,0.8854875283446711,0.9221938775510204,440f4d65e3f1225dddec4349363e4231173d30e622713a084c711581219a3522,208,0
60,840,210,0.9177721088435374,0.011200055288958993,0.9066043083900227,0.937358276643991,7aa0eee45d04a32fec6aec62d7dffffd56dd4b2cde67159298b4287a07e62e0a,196,0
61,840,210,0.9246598639455783,0.011078597321738961,0.9098639455782314,0.9427437641723355,6c5d2e42163bb156b41f2ae2f6da26b68810ab6d93a01d915192bfd38fde3c7d,205,0
