seed,fold,n_fit,n_validation,validation_positives,validation_negatives,validation_auroc,vocabulary_size,iterations,fit_seconds
42,0,672,168,84,84,0.8937074829931972,5058,9,0.03879472706466913
42,1,672,168,84,84,0.88718820861678,5065,9,0.028596353717148304
42,2,672,168,84,84,0.9158163265306123,5079,9,0.033356307074427605
42,3,672,168,84,84,0.9023526077097506,5075,8,0.040491383988410234
42,4,672,168,84,84,0.9068877551020408,5034,9,0.04105661017820239
43,0,672,168,84,84,0.9019274376417235,5093,7,0.040191204752773046
43,1,672,168,84,84,0.8898809523809523,5139,8,0.03233244130387902
43,2,672,168,84,84,0.9155328798185941,5173,7,0.026445926167070866
43,3,672,168,84,84,0.8959750566893424,5151,8,0.02904200227931142
43,4,672,168,84,84,0.935374149659864,5074,8,0.026957635767757893
44,0,672,168,84,84,0.9203514739229025,5175,6,0.026563224848359823
44,1,672,168,84,84,0.9319727891156462,5165,9,0.028125077951699495
44,2,672,168,84,84,0.8975340136054422,5186,7,0.026895936112850904
44,3,672,168,84,84,0.9097222222222222,5140,8,0.02736785588786006
44,4,672,168,84,84,0.9311224489795918,5208,9,0.027594940271228552
45,0,672,168,84,84,0.9162414965986395,5089,9,0.030854281038045883
45,1,672,168,84,84,0.9382086167800454,5123,9,0.02752579003572464
45,2,672,168,84,84,0.8952664399092971,5076,8,0.026828969828784466
45,3,672,168,84,84,0.8853458049886621,5119,9,0.031216084025800228
45,4,672,168,84,84,0.8860544217687074,5122,9,0.027739337645471096
46,0,672,168,84,84,0.89328231292517,5055,7,0.026342530269175768
46,1,672,168,84,84,0.915391156462585,5143,9,0.027818140108138323
46,2,672,168,84,84,0.8894557823129251,5059,8,0.03163156099617481
46,3,672,168,84,84,0.8999433106575964,5095,7,0.0268786558881402
46,4,672,168,84,84,0.9064625850340136,5093,7,0.026478974148631096
47,0,672,168,84,84,0.921343537414966,5048,8,0.03163341898471117
47,1,672,168,84,84,0.8825113378684807,5056,7,0.027274683117866516
47,2,672,168,84,84,0.9233276643990929,5043,6,0.02631776314228773
47,3,672,168,84,84,0.9246031746031746,5070,9,0.027752812951803207
47,4,672,168,84,84,0.909297052154195,5021,7,0.026663055643439293
48,0,672,168,84,84,0.9546485260770975,5066,8,0.02766704885289073
48,1,672,168,84,84,0.9178004535147393,5104,9,0.02824653871357441
48,2,672,168,84,84,0.9026360544217686,5073,8,0.033177345991134644
48,3,672,168,84,84,0.9111394557823129,5105,11,0.029702024068683386
48,4,672,168,84,84,0.8979591836734694,5075,7,0.02709602192044258
49,0,672,168,84,84,0.9312641723356009,5081,7,0.044214518275111914
49,1,672,168,84,84,0.9166666666666666,5088,6,0.02658142987638712
49,2,672,168,84,84,0.9326814058956916,5075,7,0.027351126074790955
49,3,672,168,84,84,0.9448696145124718,5091,7,0.026955645065754652
49,4,672,168,84,84,0.9325396825396826,5008,8,0.02750642504543066
50,0,672,168,84,84,0.9162414965986395,5042,7,0.0265618241392076
50,1,672,168,84,84,0.915107709750567,5067,9,0.027775140944868326
50,2,672,168,84,84,0.8778344671201814,5123,7,0.02657245798036456
50,3,672,168,84,84,0.923469387755102,5112,6,0.026681647170335054
50,4,672,168,84,84,0.9570578231292517,5096,8,0.027132794726639986
51,0,672,168,84,84,0.9260204081632654,5182,9,0.02814338030293584
51,1,672,168,84,84,0.8971088435374149,5155,6,0.027098446153104305
51,2,672,168,84,84,0.8922902494331065,5096,9,0.027868941891938448
51,3,672,168,84,84,0.9217687074829932,5171,9,0.027906975708901882
51,4,672,168,84,84,0.9162414965986395,5212,9,0.031815939117223024
52,0,672,168,84,84,0.8725907029478458,5210,8,0.027777757961302996
52,1,672,168,84,84,0.9117063492063492,5257,6,0.02686838200315833
52,2,672,168,84,84,0.8697562358276644,5203,8,0.02741276379674673
52,3,672,168,84,84,0.9039115646258504,5255,8,0.03127841092646122
52,4,672,168,84,84,0.9322562358276644,5259,8,0.027636920101940632
53,0,672,168,84,84,0.927437641723356,5143,6,0.026643105316907167
53,1,672,168,84,84,0.9433106575963719,5110,6,0.026338660158216953
53,2,672,168,84,84,0.929421768707483,5074,8,0.026901195291429758
53,3,672,168,84,84,0.8734410430839001,5079,8,0.027050490025430918
53,4,672,168,84,84,0.9210600907029479,5077,7,0.026780136860907078
54,0,672,168,84,84,0.9097222222222222,5268,8,0.027986553963273764
54,1,672,168,84,84,0.9036281179138322,5251,7,0.02737299306318164
54,2,672,168,84,84,0.9097222222222222,5170,7,0.029791847802698612
54,3,672,168,84,84,0.9176587301587301,5184,7,0.027389229275286198
54,4,672,168,84,84,0.9152494331065759,5301,8,0.028014762327075005
55,0,672,168,84,84,0.9392006802721089,5174,6,0.026805232279002666
55,1,672,168,84,84,0.9248866213151927,5161,7,0.027212881948798895
55,2,672,168,84,84,0.9115646258503401,5199,6,0.026815718039870262
55,3,672,168,84,84,0.9108560090702947,5142,9,0.027916476130485535
55,4,672,168,84,84,0.9315476190476191,5186,6,0.02673579892143607
56,0,672,168,84,84,0.9246031746031746,5055,8,0.0268935258500278
56,1,672,168,84,84,0.9138321995464853,5015,8,0.027157875709235668
56,2,672,168,84,84,0.9115646258503403,5058,9,0.027732981368899345
56,3,672,168,84,84,0.8898809523809524,5043,9,0.027753950096666813
56,4,672,168,84,84,0.9447278911564626,5022,8,0.0275962152518332
57,0,672,168,84,84,0.9244614512471655,5139,8,0.02756478078663349
57,1,672,168,84,84,0.919359410430839,5202,7,0.02707887114956975
57,2,672,168,84,84,0.8986678004535148,5104,6,0.02602411387488246
57,3,672,168,84,84,0.9196428571428572,5188,8,0.027721595019102097
57,4,672,168,84,84,0.8999433106575964,5103,8,0.027043242938816547
58,0,672,168,84,84,0.8900226757369614,5034,9,0.02781487302854657
58,1,672,168,84,84,0.9362244897959183,5145,9,0.027597575914114714
58,2,672,168,84,84,0.9265873015873016,5154,8,0.027274918276816607
58,3,672,168,84,84,0.9054705215419502,5130,9,0.027424979954957962
58,4,672,168,84,84,0.9270124716553287,5165,6,0.02661254908889532
59,0,672,168,84,84,0.9221938775510204,5227,6,0.03228009585291147
59,1,672,168,84,84,0.9192176870748299,5197,9,0.027661116793751717
59,2,672,168,84,84,0.8969671201814059,5185,9,0.027917136903852224
59,3,672,168,84,84,0.8854875283446711,5162,8,0.03391465591266751
59,4,672,168,84,84,0.9058956916099773,5202,6,0.0265069711022079
60,0,672,168,84,84,0.9156746031746031,5116,6,0.02691562892869115
60,1,672,168,84,84,0.937358276643991,5168,6,0.026831077877432108
60,2,672,168,84,84,0.9214852607709751,5103,8,0.027697640005499125
60,3,672,168,84,84,0.9077380952380952,5171,6,0.026757414918392897
60,4,672,168,84,84,0.9066043083900227,5235,6,0.02711154567077756
61,0,672,168,84,84,0.917233560090703,5102,7,0.026731337886303663
61,1,672,168,84,84,0.9281462585034014,5086,9,0.027808947023004293
61,2,672,168,84,84,0.9098639455782314,5056,6,0.026694925036281347
61,3,672,168,84,84,0.9427437641723355,5047,8,0.027417278848588467
61,4,672,168,84,84,0.92531179138322,5083,8,0.027352286037057638
