format,fold,n_fit,n_validation,validation_positives,validation_negatives,validation_auroc,vocabulary_size,iterations,fit_seconds
benchmark,0,336,84,42,42,0.8905895691609976,3392,10,0.035484480671584606
benchmark,1,336,84,42,42,0.9115646258503401,3420,12,0.026953656692057848
benchmark,2,336,84,42,42,0.8571428571428572,3458,7,0.02128821611404419
benchmark,3,336,84,42,42,0.9047619047619048,3351,10,0.022180307190865278
benchmark,4,336,84,42,42,0.8667800453514739,3443,10,0.04318724665790796
casual,0,336,84,42,42,0.971655328798186,2249,8,0.02525863517075777
casual,1,336,84,42,42,0.9790249433106576,2300,8,0.019464106764644384
casual,2,336,84,42,42,0.9484126984126984,2260,8,0.016394588630646467
casual,3,336,84,42,42,0.9603174603174603,2246,11,0.03857173305004835
casual,4,336,84,42,42,0.957482993197279,2236,8,0.024400881957262754
