stable_id,language,evaluation,quadrant,context_label,format_label,split,model_revision,layer_index,layer_number,decision_score,predicted_probability,predicted_class
bench_deploy__1__ceb995cf095b,english,casual_to_benchmark,bench_deploy,0,1,train,c202236235762e1c871ad0ccb60c8ee5ba337b9a,0,1,-25.32961082458496,9.988258484194823e-12,0
bench_deploy__5__95e3baaa2e74,english,casual_to_benchmark,bench_deploy,0,1,train,c202236235762e1c871ad0ccb60c8ee5ba337b9a,0,1,-44.957149505615234,2.987844873436013e-20,0
bench_deploy__6__d0815cce7dc7,english,casual_to_benchmark,bench_deploy,0,1,train,c202236235762e1c871ad0ccb60c8ee5ba337b9a,0,1,-33.58307647705078,2.600490039167294e-15,0
bench_deploy__7__3b075a380d3d,english,casual_to_benchmark,bench_deploy,0,1,train,c202236235762e1c871ad0ccb60c8ee5ba337b9a,0,1,-31.914257049560547,1.3797939705942688e-14,0
bench_deploy__8__c16ced66cbbf,english,casual_to_benchmark,bench_deploy,0,1,train,c202236235762e1c871ad0ccb60c8ee5ba337b9a,0,1,-51.572059631347656,4.004414780449814e-23,0
bench_deploy__9__425ddb3188b0,english,casual_to_benchmark,bench_deploy,0,1,train,c202236235762e1c871ad0ccb60c8ee5ba337b9a,0,1,-35.98176574707031,2.362205483302793e-16,0
bench_deploy__13__3879db95a1aa,english,casual_to_benchmark,bench_deploy,0,1,train,c202236235762e1c871ad0ccb60c8ee5ba337b9a,0,1,-33.8489990234375,1.9932718127967097e-15,0
bench_deploy__19__92d8c6b379df,english,casual_to_benchmark,bench_deploy,0,1,train,c202236235762e1c871ad0ccb60c8ee5ba337b9a,0,1,-35.16527557373047,5.344595785090975e-16,0
bench_deploy__21__dca123a3ddb5,english,casual_to_benchmark,bench_deploy,0,1,train,c202236235762e1c871ad0ccb60c8ee5ba337b9a,0,1,-31.291955947875977,2.5708468082770615e-14,0
bench_deploy__26__d4202d3de862,english,casual_to_benchmark,bench_deploy,0,1,train,c202236235762e1c871ad0ccb60c8ee5ba337b9a,0,1,-40.92192077636719,1.6898011580654304e-18,0
bench_deploy__27__24cbf27f06aa,english,casual_to_benchmark,bench_deploy,0,1,train,c202236235762e1c871ad0ccb60c8ee5ba337b9a,0,1,-37.790775299072266,3.8696779604651516e-17,0
bench_deploy__36__68b593b492ed,english,casual_to_benchmark,bench_deploy,0,1,train,c202236235762e1c871ad0ccb60c8ee5ba337b9a,0,1,-43.67500686645508,1.0769251156700545e-19,0
bench_deploy__41__ceb45cb756f7,english,casual_to_benchmark,bench_deploy,0,1,train,c202236235762e1c871ad0ccb60c8ee5ba337b9a,0,1,-45.50384521484375,1.7295420877056088e-20,0
bench_deploy__42__50d532e22145,english,casual_to_benchmark,bench_deploy,0,1,train,c202236235762e1c871ad0ccb60c8ee5ba337b9a,0,1,-47.126739501953125,3.412849060475408e-21,0
bench_deploy__45__91b31252e4bf,english,casual_to_benchmark,bench_deploy,0,1,train,c202236235762e1c871ad0ccb60c8ee5ba337b9a,0,1,-36.44849395751953,1.48122213203356e-16,0
bench_deploy__52__1f47e6287649,english,casual_to_benchmark,bench_deploy,0,1,train,c202236235762e1c871ad0ccb60c8ee5ba337b9a,0,1,-33.26899719238281,3.560066348299142e-15,0
bench_deploy__57__86ef76cb9e6d,english,casual_to_benchmark,bench_deploy,0,1,train,c202236235762e1c871ad0ccb60c8ee5ba337b9a,0,1,-40.200660705566406,3.475960999277469e-18,0
bench_deploy__64__f717cc99d432,english,casual_to_benchmark,bench_deploy,0,1,train,c202236235762e1c871ad0ccb60c8ee5ba337b9a,0,1,-25.571680068969727,7.840800925196234e-12,0
bench_deploy__67__a2d5c7e72595,english,casual_to_benchmark,bench_deploy,0,1,train,c202236235762e1c871ad0ccb60c8ee5ba337b9a,0,1,-29.73248863220215,1.2227686311400143e-13,0
bench_deploy__68__230c5d9be5dd,english,casual_to_benchmark,bench_deploy,0,1,train,c202236235762e1c871ad0ccb60c8ee5ba337b9a,0,1,-24.255212783813477,2.924791658864834e-11,0
bench_deploy__72__b29a11ae14ae,english,casual_to_benchmark,bench_deploy,0,1,train,c202236235762e1c871ad0ccb60c8ee5ba337b9a,0,1,-33.415199279785156,3.075837305869882e-15,0
bench_deploy__73__a7eef8c6ef9d,english,casual_to_benchmark,bench_deploy,0,1,train,c202236235762e1c871ad0ccb60c8ee5ba337b9a,0,1,-57.85015869140625,7.516147759512435e-26,0
bench_deploy__74__08b249cadd3a,english,casual_to_benchmark,bench_deploy,0,1,train,c202236235762e1c871ad0ccb60c8ee5ba337b9a,0,1,-44.251644134521484,6.049997061508284e-20,0
bench_deploy__80__530707865f09,english,casual_to_benchmark,bench_deploy,0,1,train,c202236235762e1c871ad0ccb60c8ee5ba337b9a,0,1,-44.102027893066406,7.026396532921903e-20,0
bench_deploy__88__d9f0dc13337a,english,casual_to_benchmark,bench_deploy,0,1,train,c202236235762e1c871ad0ccb60c8ee5ba337b9a,0,1,-38.84089660644531,1.3539821661859991e-17,0
bench_deploy__89__001312fb356f,english,casual_to_benchmark,bench_deploy,0,1,train,c202236235762e1c871ad0ccb60c8ee5ba337b9a,0,1,-47.124916076660156,3.419077552773348e-21,0
bench_deploy__90__515380f78828,english,casual_to_benchmark,bench_deploy,0,1,train,c202236235762e1c871ad0ccb60c8ee5ba337b9a,0,1,-40.069740295410156,3.9621682507590946e-18,0
bench_deploy__92__28de19d2ba14,english,casual_to_benchmark,bench_deploy,0,1,train,c202236235762e1c871ad0ccb60c8ee5ba337b9a,0,1,-27.41507911682129,1.241030390432274e-12,0
bench_deploy__99__221d34183a05,english,casual_to_benchmark,bench_deploy,0,1,train,c202236235762e1c871ad0ccb60c8ee5ba337b9a,0,1,-22.514202117919922,1.6680391790035998e-10,0
bench_deploy__101__eae48e0a92cd,english,casual_to_benchmark,bench_deploy,0,1,train,c202236235762e1c871ad0ccb60c8ee5ba337b9a,0,1,-30.489694595336914,5.734478105041962e-14,0
bench_deploy__106__bfc78fb1e1a7,english,casual_to_benchmark,bench_deploy,0,1,train,c202236235762e1c871ad0ccb60c8ee5ba337b9a,0,1,-35.24714660644531,4.92446161990133e-16,0
bench_deploy__113__ce0db78be26e,english,casual_to_benchmark,bench_deploy,0,1,train,c202236235762e1c871ad0ccb60c8ee5ba337b9a,0,1,-20.352201461791992,1.4492762545614823e-09,0
bench_deploy__114__ac610b62350a,english,casual_to_benchmark,bench_deploy,0,1,train,c202236235762e1c871ad0ccb60c8ee5ba337b9a,0,1,-37.403343200683594,5.700781874438677e-17,0
bench_deploy__120__f8cc66d2cb3b,english,casual_to_benchmark,bench_deploy,0,1,train,c202236235762e1c871ad0ccb60c8ee5ba337b9a,0,1,-31.26336097717285,2.645421452425814e-14,0
bench_deploy__125__ef613e3f6fcf,english,casual_to_benchmark,bench_deploy,0,1,train,c202236235762e1c871ad0ccb60c8ee5ba337b9a,0,1,-53.10492706298828,8.646159279242003e-24,0
bench_deploy__128__944b8bce358f,english,casual_to_benchmark,bench_deploy,0,1,train,c202236235762e1c871ad0ccb60c8ee5ba337b9a,0,1,-39.991519927978516,4.28453377036081e-18,0
bench_deploy__135__49b9636691e6,english,casual_to_benchmark,bench_deploy,0,1,train,c202236235762e1c871ad0ccb60c8ee5ba337b9a,0,1,-48.51835632324219,8.486831685373758e-22,0
bench_deploy__139__7dbf8805c598,english,casual_to_benchmark,bench_deploy,0,1,train,c202236235762e1c871ad0ccb60c8ee5ba337b9a,0,1,-52.560089111328125,1.490882266501303e-23,0
bench_deploy__140__5701a69b1cba,english,casual_to_benchmark,bench_deploy,0,1,train,c202236235762e1c871ad0ccb60c8ee5ba337b9a,0,1,-41.88264465332031,6.465446843952423e-19,0
bench_deploy__144__9759c8c5ec3f,english,casual_to_benchmark,bench_deploy,0,1,train,c202236235762e1c871ad0ccb60c8ee5ba337b9a,0,1,-25.04264259338379,1.330817487460445e-11,0
bench_deploy__146__1506ae32b9d7,english,casual_to_benchmark,bench_deploy,0,1,train,c202236235762e1c871ad0ccb60c8ee5ba337b9a,0,1,-47.379425048828125,2.6508010451736537e-21,0
bench_deploy__147__ae59f67e2047,english,casual_to_benchmark,bench_deploy,0,1,train,c202236235762e1c871ad0ccb60c8ee5ba337b9a,0,1,-44.22394561767578,6.219914822728307e-20,0
bench_deploy__149__fd6cabde1549,english,casual_to_benchmark,bench_deploy,0,1,train,c202236235762e1c871ad0ccb60c8ee5ba337b9a,0,1,-25.05738639831543,1.311340185744525e-11,0
bench_deploy__150__a89ef1c9799b,english,casual_to_benchmark,bench_deploy,0,1,train,c202236235762e1c871ad0ccb60c8ee5ba337b9a,0,1,-46.90221405029297,4.271960944936257e-21,0
bench_deploy__156__b1ee80e147c1,english,casual_to_benchmark,bench_deploy,0,1,train,c202236235762e1c871ad0ccb60c8ee5ba337b9a,0,1,-42.49067687988281,3.519925700533451e-19,0
bench_deploy__162__d6f8d9cd2385,english,casual_to_benchmark,bench_deploy,0,1,train,c202236235762e1c871ad0ccb60c8ee5ba337b9a,0,1,-35.51259994506836,3.7763637817374936e-16,0
bench_deploy__172__ac107b4e2eb5,english,casual_to_benchmark,bench_deploy,0,1,train,c202236235762e1c871ad0ccb60c8ee5ba337b9a,0,1,-31.294857025146484,2.5633995251982122e-14,0
bench_deploy__178__cd2bd457c872,english,casual_to_benchmark,bench_deploy,0,1,train,c202236235762e1c871ad0ccb60c8ee5ba337b9a,0,1,-43.30259704589844,1.5628635463772972e-19,0
bench_deploy__186__894aea2bf214,english,casual_to_benchmark,bench_deploy,0,1,train,c202236235762e1c871ad0ccb60c8ee5ba337b9a,0,1,-59.11693572998047,2.1175858583522184e-26,0
bench_deploy__191__b59a55c9b531,english,casual_to_benchmark,bench_deploy,0,1,train,c202236235762e1c871ad0ccb60c8ee5ba337b9a,0,1,-46.329246520996094,7.57641703342454e-21,0
bench_deploy__196__a1c5c7e4e5b8,english,casual_to_benchmark,bench_deploy,0,1,train,c202236235762e1c871ad0ccb60c8ee5ba337b9a,0,1,-35.314064025878906,4.605713063333288e-16,0
bench_deploy__199__25f9604257a6,english,casual_to_benchmark,bench_deploy,0,1,train,c202236235762e1c871ad0ccb60c8ee5ba337b9a,0,1,-48.42122268676758,9.352553138747753e-22,0
bench_deploy__209__d4ef408653db,english,casual_to_benchmark,bench_deploy,0,1,train,c202236235762e1c871ad0ccb60c8ee5ba337b9a,0,1,-31.174840927124023,2.890271233609541e-14,0
bench_deploy__211__6f0a225fb96e,english,casual_to_benchmark,bench_deploy,0,1,train,c202236235762e1c871ad0ccb60c8ee5ba337b9a,0,1,-51.63129425048828,3.7741033681825565e-23,0
bench_deploy__214__449b03783eda,english,casual_to_benchmark,bench_deploy,0,1,train,c202236235762e1c871ad0ccb60c8ee5ba337b9a,0,1,-33.499481201171875,2.827223818488325e-15,0
bench_deploy__216__6a27f413a325,english,casual_to_benchmark,bench_deploy,0,1,train,c202236235762e1c871ad0ccb60c8ee5ba337b9a,0,1,-43.377525329589844,1.4500403759750977e-19,0
bench_deploy__218__48720c051044,english,casual_to_benchmark,bench_deploy,0,1,train,c202236235762e1c871ad0ccb60c8ee5ba337b9a,0,1,-28.739116668701172,3.3018718510226253e-13,0
bench_deploy__222__be11da1eba54,english,casual_to_benchmark,bench_deploy,0,1,train,c202236235762e1c871ad0ccb60c8ee5ba337b9a,0,1,-26.409847259521484,3.3911660372171193e-12,0
bench_deploy__223__a3c37503b062,english,casual_to_benchmark,bench_deploy,0,1,train,c202236235762e1c871ad0ccb60c8ee5ba337b9a,0,1,-39.14313507080078,1.0008118615463798e-17,0
bench_deploy__230__aca1613762bb,english,casual_to_benchmark,bench_deploy,0,1,train,c202236235762e1c871ad0ccb60c8ee5ba337b9a,0,1,-38.08877182006836,2.8724769904467495e-17,0
bench_deploy__234__a4743ea10656,english,casual_to_benchmark,bench_deploy,0,1,train,c202236235762e1c871ad0ccb60c8ee5ba337b9a,0,1,-40.33019256591797,3.053654690886484e-18,0
bench_deploy__235__9e797df543bc,english,casual_to_benchmark,bench_deploy,0,1,train,c202236235762e1c871ad0ccb60c8ee5ba337b9a,0,1,-31.996976852416992,1.2702509264708381e-14,0
bench_deploy__238__21cbc305a4cf,english,casual_to_benchmark,bench_deploy,0,1,train,c202236235762e1c871ad0ccb60c8ee5ba337b9a,0,1,-42.472999572753906,3.5827017296898074e-19,0
bench_deploy__244__4ac4c961e3ba,english,casual_to_benchmark,bench_deploy,0,1,train,c202236235762e1c871ad0ccb60c8ee5ba337b9a,0,1,-30.080636978149414,8.632674517719194e-14,0
bench_deploy__246__f9bae799f4c3,english,casual_to_benchmark,bench_deploy,0,1,train,c202236235762e1c871ad0ccb60c8ee5ba337b9a,0,1,-24.860992431640625,1.595909168705667e-11,0
bench_deploy__250__1faaf4ada8e3,english,casual_to_benchmark,bench_deploy,0,1,train,c202236235762e1c871ad0ccb60c8ee5ba337b9a,0,1,-41.48252868652344,9.64643141108315e-19,0
bench_deploy__252__20cfa008f7d1,english,casual_to_benchmark,bench_deploy,0,1,train,c202236235762e1c871ad0ccb60c8ee5ba337b9a,0,1,-35.32653045654297,4.548652688841502e-16,0
bench_deploy__260__dbd14d376705,english,casual_to_benchmark,bench_deploy,0,1,train,c202236235762e1c871ad0ccb60c8ee5ba337b9a,0,1,-48.07550048828125,1.321525031975206e-21,0
bench_deploy__261__843e2421c5f2,english,casual_to_benchmark,bench_deploy,0,1,train,c202236235762e1c871ad0ccb60c8ee5ba337b9a,0,1,-24.13789939880371,3.288845584759059e-11,0
bench_deploy__267__d0df8ce0d25f,english,casual_to_benchmark,bench_deploy,0,1,train,c202236235762e1c871ad0ccb60c8ee5ba337b9a,0,1,-36.54572296142578,1.3439842657326422e-16,0
bench_deploy__269__6d309301feca,english,casual_to_benchmark,bench_deploy,0,1,train,c202236235762e1c871ad0ccb60c8ee5ba337b9a,0,1,-25.63241958618164,7.378729571794196e-12,0
bench_deploy__271__4ede736814ab,english,casual_to_benchmark,bench_deploy,0,1,train,c202236235762e1c871ad0ccb60c8ee5ba337b9a,0,1,-25.67157745361328,7.095378538185537e-12,0
bench_deploy__276__77df52776241,english,casual_to_benchmark,bench_deploy,0,1,train,c202236235762e1c871ad0ccb60c8ee5ba337b9a,0,1,-22.417335510253906,1.837701241180767e-10,0
bench_deploy__277__2aaea0a8a473,english,casual_to_benchmark,bench_deploy,0,1,train,c202236235762e1c871ad0ccb60c8ee5ba337b9a,0,1,-29.500717163085938,1.5417051316135577e-13,0
bench_deploy__279__e93a796ac38c,english,casual_to_benchmark,bench_deploy,0,1,train,c202236235762e1c871ad0ccb60c8ee5ba337b9a,0,1,-54.68323516845703,1.7839091462528077e-24,0
bench_deploy__286__70ff1529324e,english,casual_to_benchmark,bench_deploy,0,1,train,c202236235762e1c871ad0ccb60c8ee5ba337b9a,0,1,-29.026487350463867,2.477175094824785e-13,0
bench_deploy__288__a08eea54a169,english,casual_to_benchmark,bench_deploy,0,1,train,c202236235762e1c871ad0ccb60c8ee5ba337b9a,0,1,-29.17803382873535,2.128829745947844e-13,0
bench_deploy__290__a36c8bdc032a,english,casual_to_benchmark,bench_deploy,0,1,train,c202236235762e1c871ad0ccb60c8ee5ba337b9a,0,1,-36.94529342651367,9.012866648404694e-17,0
bench_deploy__292__f83551510a82,english,casual_to_benchmark,bench_deploy,0,1,train,c202236235762e1c871ad0ccb60c8ee5ba337b9a,0,1,-40.20444869995117,3.46281896050038e-18,0
bench_deploy__298__9da78192aca6,english,casual_to_benchmark,bench_deploy,0,1,train,c202236235762e1c871ad0ccb60c8ee5ba337b9a,0,1,-45.54856872558594,1.6538951282179273e-20,0
bench_deploy__300__826f94057675,english,casual_to_benchmark,bench_deploy,0,1,train,c202236235762e1c871ad0ccb60c8ee5ba337b9a,0,1,-39.26537322998047,8.856559952878713e-18,0
bench_deploy__307__22f10784edf7,english,casual_to_benchmark,bench_deploy,0,1,train,c202236235762e1c871ad0ccb60c8ee5ba337b9a,0,1,-49.206573486328125,4.264387678297743e-22,0
bench_deploy__310__403f2668a94b,english,casual_to_benchmark,bench_deploy,0,1,train,c202236235762e1c871ad0ccb60c8ee5ba337b9a,0,1,-42.60899353027344,3.127153720817307e-19,0
bench_deploy__313__571691045d0c,english,casual_to_benchmark,bench_deploy,0,1,train,c202236235762e1c871ad0ccb60c8ee5ba337b9a,0,1,-28.59358787536621,3.8191138077535436e-13,0
bench_deploy__314__fb87943fe941,english,casual_to_benchmark,bench_deploy,0,1,train,c202236235762e1c871ad0ccb60c8ee5ba337b9a,0,1,-38.80661392211914,1.401205080176039e-17,0
bench_deploy__324__d41f8118e4b8,english,casual_to_benchmark,bench_deploy,0,1,train,c202236235762e1c871ad0ccb60c8ee5ba337b9a,0,1,-39.091896057128906,1.0534289857470004e-17,0
bench_deploy__329__f357fc90df24,english,casual_to_benchmark,bench_deploy,0,1,train,c202236235762e1c871ad0ccb60c8ee5ba337b9a,0,1,-30.4200496673584,6.148091069449815e-14,0
bench_deploy__337__e15a36fa77c8,english,casual_to_benchmark,bench_deploy,0,1,train,c202236235762e1c871ad0ccb60c8ee5ba337b9a,0,1,-37.25849914550781,6.589302230751697e-17,0
bench_deploy__340__0789aeaa2ac3,english,casual_to_benchmark,bench_deploy,0,1,train,c202236235762e1c871ad0ccb60c8ee5ba337b9a,0,1,-42.24290466308594,4.509616542674119e-19,0
bench_deploy__342__5d0c51a8af83,english,casual_to_benchmark,bench_deploy,0,1,train,c202236235762e1c871ad0ccb60c8ee5ba337b9a,0,1,-30.214296340942383,7.552622806675235e-14,0
bench_deploy__346__5aea5d1f0a0f,english,casual_to_benchmark,bench_deploy,0,1,train,c202236235762e1c871ad0ccb60c8ee5ba337b9a,0,1,-33.3515625,3.2779357671947323e-15,0
bench_deploy__349__3c1fcf89af69,english,casual_to_benchmark,bench_deploy,0,1,train,c202236235762e1c871ad0ccb60c8ee5ba337b9a,0,1,-39.349700927734375,8.140330730248648e-18,0
bench_deploy__352__61a9f7af9fdb,english,casual_to_benchmark,bench_deploy,0,1,train,c202236235762e1c871ad0ccb60c8ee5ba337b9a,0,1,-30.035320281982422,9.032877256506117e-14,0
bench_deploy__355__a75e8f8ba206,english,casual_to_benchmark,bench_deploy,0,1,train,c202236235762e1c871ad0ccb60c8ee5ba337b9a,0,1,-40.0833625793457,3.908560329620758e-18,0
bench_deploy__358__8bbecdeb4bb7,english,casual_to_benchmark,bench_deploy,0,1,train,c202236235762e1c871ad0ccb60c8ee5ba337b9a,0,1,-39.48475646972656,7.111940915233934e-18,0
bench_deploy__359__f82728a18593,english,casual_to_benchmark,bench_deploy,0,1,train,c202236235762e1c871ad0ccb60c8ee5ba337b9a,0,1,-27.264636993408203,1.4425091980282967e-12,0
bench_deploy__367__538c2b2354ae,english,casual_to_benchmark,bench_deploy,0,1,train,c202236235762e1c871ad0ccb60c8ee5ba337b9a,0,1,-36.096458435058594,2.1062371559006675e-16,0
bench_deploy__368__c09bce30f6d3,english,casual_to_benchmark,bench_deploy,0,1,train,c202236235762e1c871ad0ccb60c8ee5ba337b9a,0,1,-29.10079002380371,2.2997863379295436e-13,0
bench_deploy__371__d4bb876f20bf,english,casual_to_benchmark,bench_deploy,0,1,train,c202236235762e1c871ad0ccb60c8ee5ba337b9a,0,1,-48.647560119628906,7.458183823127464e-22,0
bench_deploy__380__6c0f2f486e2c,english,casual_to_benchmark,bench_deploy,0,1,train,c202236235762e1c871ad0ccb60c8ee5ba337b9a,0,1,-26.435983657836914,3.303681330238395e-12,0
bench_deploy__383__3ea88f4a3d30,english,casual_to_benchmark,bench_deploy,0,1,train,c202236235762e1c871ad0ccb60c8ee5ba337b9a,0,1,-40.650665283203125,2.2163603477789238e-18,0
bench_deploy__387__a222430719b4,english,casual_to_benchmark,bench_deploy,0,1,train,c202236235762e1c871ad0ccb60c8ee5ba337b9a,0,1,-47.330848693847656,2.7827462483470567e-21,0
bench_deploy__389__97b418e49760,english,casual_to_benchmark,bench_deploy,0,1,train,c202236235762e1c871ad0ccb60c8ee5ba337b9a,0,1,-36.36363983154297,1.6123966982700151e-16,0
bench_deploy__390__3e61c617f007,english,casual_to_benchmark,bench_deploy,0,1,train,c202236235762e1c871ad0ccb60c8ee5ba337b9a,0,1,-23.12717628479004,9.0363903859636e-11,0
bench_deploy__391__1c5dba94ad03,english,casual_to_benchmark,bench_deploy,0,1,train,c202236235762e1c871ad0ccb60c8ee5ba337b9a,0,1,-44.709693908691406,3.826719751899009e-20,0
bench_deploy__405__b4ba151c535f,english,casual_to_benchmark,bench_deploy,0,1,train,c202236235762e1c871ad0ccb60c8ee5ba337b9a,0,1,-34.28569412231445,1.2879892998698245e-15,0
bench_deploy__407__13de266e76f5,english,casual_to_benchmark,bench_deploy,0,1,train,c202236235762e1c871ad0ccb60c8ee5ba337b9a,0,1,-57.675628662109375,8.94937552031884e-26,0
bench_deploy__408__cd16de3b4175,english,casual_to_benchmark,bench_deploy,0,1,train,c202236235762e1c871ad0ccb60c8ee5ba337b9a,0,1,-40.44997024536133,2.708950952047621e-18,0
bench_deploy__410__f762bc327068,english,casual_to_benchmark,bench_deploy,0,1,train,c202236235762e1c871ad0ccb60c8ee5ba337b9a,0,1,-31.077922821044922,3.184414605378501e-14,0
bench_deploy__415__8d16f1b25d59,english,casual_to_benchmark,bench_deploy,0,1,train,c202236235762e1c871ad0ccb60c8ee5ba337b9a,0,1,-24.668991088867188,1.933718636604187e-11,0
bench_deploy__419__688b01a51251,english,casual_to_benchmark,bench_deploy,0,1,train,c202236235762e1c871ad0ccb60c8ee5ba337b9a,0,1,-38.45573043823242,1.9901621430891024e-17,0
bench_deploy__435__3bd23c7933e5,english,casual_to_benchmark,bench_deploy,0,1,train,c202236235762e1c871ad0ccb60c8ee5ba337b9a,0,1,-40.50637435913086,2.5603841441542686e-18,0
bench_deploy__436__10341c06120c,english,casual_to_benchmark,bench_deploy,0,1,train,c202236235762e1c871ad0ccb60c8ee5ba337b9a,0,1,-25.86667251586914,5.837768202870963e-12,0
bench_deploy__449__b3493ec1e771,english,casual_to_benchmark,bench_deploy,0,1,train,c202236235762e1c871ad0ccb60c8ee5ba337b9a,0,1,-39.620304107666016,6.210414136405253e-18,0
bench_deploy__454__14fba08031e8,english,casual_to_benchmark,bench_deploy,0,1,train,c202236235762e1c871ad0ccb60c8ee5ba337b9a,0,1,-46.27924346923828,7.964892229911126e-21,0
bench_deploy__458__c11fe24dd37f,english,casual_to_benchmark,bench_deploy,0,1,train,c202236235762e1c871ad0ccb60c8ee5ba337b9a,0,1,-38.74059295654297,1.4968360925377845e-17,0
bench_deploy__459__0b399d405462,english,casual_to_benchmark,bench_deploy,0,1,train,c202236235762e1c871ad0ccb60c8ee5ba337b9a,0,1,-26.46096420288086,3.2221762150813626e-12,0
bench_deploy__460__a47d332af873,english,casual_to_benchmark,bench_deploy,0,1,train,c202236235762e1c871ad0ccb60c8ee5ba337b9a,0,1,-58.75382995605469,3.044639478579605e-26,0
bench_deploy__462__8570170cefba,english,casual_to_benchmark,bench_deploy,0,1,train,c202236235762e1c871ad0ccb60c8ee5ba337b9a,0,1,-40.71131134033203,2.0859414689346787e-18,0
bench_deploy__465__487f61ba2482,english,casual_to_benchmark,bench_deploy,0,1,train,c202236235762e1c871ad0ccb60c8ee5ba337b9a,0,1,-31.200923919677734,2.8158588809734826e-14,0
bench_deploy__466__af6100f3a6c5,english,casual_to_benchmark,bench_deploy,0,1,train,c202236235762e1c871ad0ccb60c8ee5ba337b9a,0,1,-39.41878128051758,7.596977292558491e-18,0
bench_deploy__469__b3f76dca8c51,english,casual_to_benchmark,bench_deploy,0,1,train,c202236235762e1c871ad0ccb60c8ee5ba337b9a,0,1,-28.513917922973633,4.135830946380009e-13,0
bench_deploy__473__697640157e34,english,casual_to_benchmark,bench_deploy,0,1,train,c202236235762e1c871ad0ccb60c8ee5ba337b9a,0,1,-43.452613830566406,1.3451465072260432e-19,0
bench_deploy__476__9819b6084463,english,casual_to_benchmark,bench_deploy,0,1,train,c202236235762e1c871ad0ccb60c8ee5ba337b9a,0,1,-19.56416893005371,3.1870539540790332e-09,0
bench_deploy__485__de8d242e7d7a,english,casual_to_benchmark,bench_deploy,0,1,train,c202236235762e1c871ad0ccb60c8ee5ba337b9a,0,1,-37.229042053222656,6.786290992292016e-17,0
bench_deploy__489__fab46bcb5dfd,english,casual_to_benchmark,bench_deploy,0,1,train,c202236235762e1c871ad0ccb60c8ee5ba337b9a,0,1,-47.58518600463867,2.157825431950666e-21,0
bench_deploy__495__b2a8f3a2300a,english,casual_to_benchmark,bench_deploy,0,1,train,c202236235762e1c871ad0ccb60c8ee5ba337b9a,0,1,-29.354572296142578,1.7843137991441216e-13,0
bench_deploy__497__90d1d122e3a5,english,casual_to_benchmark,bench_deploy,0,1,train,c202236235762e1c871ad0ccb60c8ee5ba337b9a,0,1,-31.80252456665039,1.5429045641481877e-14,0
bench_deploy__501__476cc367361d,english,casual_to_benchmark,bench_deploy,0,1,train,c202236235762e1c871ad0ccb60c8ee5ba337b9a,0,1,-54.953529357910156,1.3613990911133468e-24,0
bench_deploy__513__5e09ef6d0701,english,casual_to_benchmark,bench_deploy,0,1,train,c202236235762e1c871ad0ccb60c8ee5ba337b9a,0,1,-29.263959884643555,1.9535462386210262e-13,0
bench_deploy__514__4ce89c76358b,english,casual_to_benchmark,bench_deploy,0,1,train,c202236235762e1c871ad0ccb60c8ee5ba337b9a,0,1,-44.652870178222656,4.050464999011214e-20,0
bench_deploy__519__6b3bd580d277,english,casual_to_benchmark,bench_deploy,0,1,train,c202236235762e1c871ad0ccb60c8ee5ba337b9a,0,1,-23.791547775268555,4.650098014979953e-11,0
bench_deploy__520__fd816dea3d4d,english,casual_to_benchmark,bench_deploy,0,1,train,c202236235762e1c871ad0ccb60c8ee5ba337b9a,0,1,-54.560359954833984,2.017143169844773e-24,0
bench_deploy__521__6bc6bf9b38f5,english,casual_to_benchmark,bench_deploy,0,1,train,c202236235762e1c871ad0ccb60c8ee5ba337b9a,0,1,-33.969696044921875,1.7666416891325989e-15,0
bench_deploy__536__7355c12e65d9,english,casual_to_benchmark,bench_deploy,0,1,train,c202236235762e1c871ad0ccb60c8ee5ba337b9a,0,1,-22.344816207885742,1.9759212321890374e-10,0
bench_deploy__538__f842192e1325,english,casual_to_benchmark,bench_deploy,0,1,train,c202236235762e1c871ad0ccb60c8ee5ba337b9a,0,1,-34.832313537597656,7.456215041278056e-16,0
bench_deploy__540__ad05ab8bf91a,english,casual_to_benchmark,bench_deploy,0,1,train,c202236235762e1c871ad0ccb60c8ee5ba337b9a,0,1,-19.035499572753906,5.407388314893069e-09,0
bench_deploy__543__99f85e0b7ff0,english,casual_to_benchmark,bench_deploy,0,1,train,c202236235762e1c871ad0ccb60c8ee5ba337b9a,0,1,-40.727108001708984,2.053249429970205e-18,0
bench_deploy__546__21a5ca0f25bf,english,casual_to_benchmark,bench_deploy,0,1,train,c202236235762e1c871ad0ccb60c8ee5ba337b9a,0,1,-30.768505096435547,4.33918343151294e-14,0
bench_deploy__548__61434b9c0748,english,casual_to_benchmark,bench_deploy,0,1,train,c202236235762e1c871ad0ccb60c8ee5ba337b9a,0,1,-24.24515151977539,2.9543673063514575e-11,0
bench_deploy__550__b8dc7228069f,english,casual_to_benchmark,bench_deploy,0,1,train,c202236235762e1c871ad0ccb60c8ee5ba337b9a,0,1,-35.88591766357422,2.5998241653916337e-16,0
bench_deploy__557__d57db4a24cdb,english,casual_to_benchmark,bench_deploy,0,1,train,c202236235762e1c871ad0ccb60c8ee5ba337b9a,0,1,-30.928300857543945,3.698363704586309e-14,0
bench_deploy__559__8b5e11c2b04c,english,casual_to_benchmark,bench_deploy,0,1,train,c202236235762e1c871ad0ccb60c8ee5ba337b9a,0,1,-45.355621337890625,2.0058753422608724e-20,0
bench_deploy__561__cedd11ab149e,english,casual_to_benchmark,bench_deploy,0,1,train,c202236235762e1c871ad0ccb60c8ee5ba337b9a,0,1,-28.899980545043945,2.811240010312105e-13,0
bench_deploy__562__a1b86d73fecb,english,casual_to_benchmark,bench_deploy,0,1,train,c202236235762e1c871ad0ccb60c8ee5ba337b9a,0,1,-50.830665588378906,8.40470394451105e-23,0
bench_deploy__569__1ed0c3d5c73f,english,casual_to_benchmark,bench_deploy,0,1,train,c202236235762e1c871ad0ccb60c8ee5ba337b9a,0,1,-45.251705169677734,2.2255334770417557e-20,0
bench_deploy__573__4f6cdef41eb4,english,casual_to_benchmark,bench_deploy,0,1,train,c202236235762e1c871ad0ccb60c8ee5ba337b9a,0,1,-18.44105339050293,9.798334588140278e-09,0
bench_deploy__577__36df094c4681,english,casual_to_benchmark,bench_deploy,0,1,train,c202236235762e1c871ad0ccb60c8ee5ba337b9a,0,1,-57.150108337402344,1.5136425158514044e-25,0
bench_deploy__586__f10aa01ee9e0,english,casual_to_benchmark,bench_deploy,0,1,train,c202236235762e1c871ad0ccb60c8ee5ba337b9a,0,1,-38.99056625366211,1.1657683020197659e-17,0
bench_deploy__587__42980e0512b0,english,casual_to_benchmark,bench_deploy,0,1,train,c202236235762e1c871ad0ccb60c8ee5ba337b9a,0,1,-32.87501525878906,5.279129032114164e-15,0
bench_deploy__589__63ae5d818ba8,english,casual_to_benchmark,bench_deploy,0,1,train,c202236235762e1c871ad0ccb60c8ee5ba337b9a,0,1,-31.57625389099121,1.934671363000226e-14,0
bench_deploy__595__c5195e8472e6,english,casual_to_benchmark,bench_deploy,0,1,train,c202236235762e1c871ad0ccb60c8ee5ba337b9a,0,1,-29.89784049987793,1.0364130479398673e-13,0
bench_deploy__596__24d9748e6110,english,casual_to_benchmark,bench_deploy,0,1,train,c202236235762e1c871ad0ccb60c8ee5ba337b9a,0,1,-16.54787826538086,6.506504490744192e-08,0
bench_deploy__598__af4c110c1574,english,casual_to_benchmark,bench_deploy,0,1,train,c202236235762e1c871ad0ccb60c8ee5ba337b9a,0,1,-41.02793502807617,1.5198272261119355e-18,0
bench_deploy__600__648db27eaaad,english,casual_to_benchmark,bench_deploy,0,1,train,c202236235762e1c871ad0ccb60c8ee5ba337b9a,0,1,-41.143104553222656,1.354492846816674e-18,0
bench_deploy__607__ed0292882e15,english,casual_to_benchmark,bench_deploy,0,1,train,c202236235762e1c871ad0ccb60c8ee5ba337b9a,0,1,-35.0771484375,5.836977096121084e-16,0
bench_deploy__609__9b567185adeb,english,casual_to_benchmark,bench_deploy,0,1,train,c202236235762e1c871ad0ccb60c8ee5ba337b9a,0,1,-22.0626277923584,2.6201280034499064e-10,0
bench_deploy__610__cf8767aecdb0,english,casual_to_benchmark,bench_deploy,0,1,train,c202236235762e1c871ad0ccb60c8ee5ba337b9a,0,1,-35.93937683105469,2.464489476244078e-16,0
bench_deploy__611__ed46c2f807ea,english,casual_to_benchmark,bench_deploy,0,1,train,c202236235762e1c871ad0ccb60c8ee5ba337b9a,0,1,-20.98075294494629,7.729916151610894e-10,0
bench_deploy__613__4df92e30d778,english,casual_to_benchmark,bench_deploy,0,1,train,c202236235762e1c871ad0ccb60c8ee5ba337b9a,0,1,-53.80018615722656,4.3139592242652886e-24,0
bench_deploy__616__69afbe857438,english,casual_to_benchmark,bench_deploy,0,1,train,c202236235762e1c871ad0ccb60c8ee5ba337b9a,0,1,-40.2386589050293,3.346358754492967e-18,0
bench_deploy__620__e171cec3777e,english,casual_to_benchmark,bench_deploy,0,1,train,c202236235762e1c871ad0ccb60c8ee5ba337b9a,0,1,-24.756624221801758,1.7714737662877234e-11,0
bench_deploy__627__98a814ffc77a,english,casual_to_benchmark,bench_deploy,0,1,train,c202236235762e1c871ad0ccb60c8ee5ba337b9a,0,1,-44.93707275390625,3.048437468892656e-20,0
bench_deploy__630__ce74243a48fe,english,casual_to_benchmark,bench_deploy,0,1,train,c202236235762e1c871ad0ccb60c8ee5ba337b9a,0,1,-34.04407501220703,1.640008463573068e-15,0
bench_deploy__634__c6000c897f3a,english,casual_to_benchmark,bench_deploy,0,1,train,c202236235762e1c871ad0ccb60c8ee5ba337b9a,0,1,-22.13686180114746,2.432669343743754e-10,0
bench_deploy__636__f67ad534da2d,english,casual_to_benchmark,bench_deploy,0,1,train,c202236235762e1c871ad0ccb60c8ee5ba337b9a,0,1,-29.719179153442383,1.2391517391178997e-13,0
bench_deploy__638__2ea6ab935d3e,english,casual_to_benchmark,bench_deploy,0,1,train,c202236235762e1c871ad0ccb60c8ee5ba337b9a,0,1,-30.445348739624023,5.994500956816445e-14,0
bench_deploy__639__c483d3f1b6e8,english,casual_to_benchmark,bench_deploy,0,1,train,c202236235762e1c871ad0ccb60c8ee5ba337b9a,0,1,-32.9306755065918,4.9933193634033556e-15,0
bench_deploy__640__e4f2134b1567,english,casual_to_benchmark,bench_deploy,0,1,train,c202236235762e1c871ad0ccb60c8ee5ba337b9a,0,1,-34.3708610534668,1.1828365122153075e-15,0
bench_deploy__650__2d4d32e1b6ed,english,casual_to_benchmark,bench_deploy,0,1,train,c202236235762e1c871ad0ccb60c8ee5ba337b9a,0,1,-45.168434143066406,2.418790656232846e-20,0
bench_deploy__654__ae091aab0b1d,english,casual_to_benchmark,bench_deploy,0,1,train,c202236235762e1c871ad0ccb60c8ee5ba337b9a,0,1,-32.62083435058594,6.806935488087428e-15,0
bench_deploy__660__d76705c4858f,english,casual_to_benchmark,bench_deploy,0,1,train,c202236235762e1c871ad0ccb60c8ee5ba337b9a,0,1,-40.22747039794922,3.3840097412296965e-18,0
bench_deploy__663__65a83bf83ee5,english,casual_to_benchmark,bench_deploy,0,1,train,c202236235762e1c871ad0ccb60c8ee5ba337b9a,0,1,-33.32810974121094,3.355720920323463e-15,0
bench_deploy__665__cc4b5a0c099b,english,casual_to_benchmark,bench_deploy,0,1,train,c202236235762e1c871ad0ccb60c8ee5ba337b9a,0,1,-33.62452697753906,2.4949018765778883e-15,0
bench_deploy__667__0f912070e08c,english,casual_to_benchmark,bench_deploy,0,1,train,c202236235762e1c871ad0ccb60c8ee5ba337b9a,0,1,-30.12557029724121,8.253365032422424e-14,0
bench_deploy__671__af5e6c6d2d1f,english,casual_to_benchmark,bench_deploy,0,1,train,c202236235762e1c871ad0ccb60c8ee5ba337b9a,0,1,-36.125732421875,2.0454729974981142e-16,0
bench_deploy__674__a2522ca6f46b,english,casual_to_benchmark,bench_deploy,0,1,train,c202236235762e1c871ad0ccb60c8ee5ba337b9a,0,1,-44.168724060058594,6.573049212219705e-20,0
bench_deploy__675__27d0b12242f0,english,casual_to_benchmark,bench_deploy,0,1,train,c202236235762e1c871ad0ccb60c8ee5ba337b9a,0,1,-30.73639678955078,4.480768037965106e-14,0
bench_deploy__676__37e683604057,english,casual_to_benchmark,bench_deploy,0,1,train,c202236235762e1c871ad0ccb60c8ee5ba337b9a,0,1,-38.77763366699219,1.4424064501789377e-17,0
bench_deploy__678__13ffb232a01b,english,casual_to_benchmark,bench_deploy,0,1,train,c202236235762e1c871ad0ccb60c8ee5ba337b9a,0,1,-26.495004653930664,3.1143375638781334e-12,0
bench_deploy__686__9da19c363606,english,casual_to_benchmark,bench_deploy,0,1,train,c202236235762e1c871ad0ccb60c8ee5ba337b9a,0,1,-26.922290802001953,2.031410413147472e-12,0
bench_deploy__694__f650218a0ecd,english,casual_to_benchmark,bench_deploy,0,1,train,c202236235762e1c871ad0ccb60c8ee5ba337b9a,0,1,-26.520048141479492,3.0373121552573767e-12,0
bench_deploy__699__f3232a65edc4,english,casual_to_benchmark,bench_deploy,0,1,train,c202236235762e1c871ad0ccb60c8ee5ba337b9a,0,1,-35.08538818359375,5.789079500536222e-16,0
bench_deploy__710__3bb176915209,english,casual_to_benchmark,bench_deploy,0,1,train,c202236235762e1c871ad0ccb60c8ee5ba337b9a,0,1,-30.320234298706055,6.793437340446573e-14,0
bench_deploy__719__a8c6459c293f,english,casual_to_benchmark,bench_deploy,0,1,train,c202236235762e1c871ad0ccb60c8ee5ba337b9a,0,1,-25.318147659301758,1.0103414632700591e-11,0
bench_deploy__722__610a42d246a9,english,casual_to_benchmark,bench_deploy,0,1,train,c202236235762e1c871ad0ccb60c8ee5ba337b9a,0,1,-37.666954040527344,4.379753591240056e-17,0
bench_deploy__741__6c8c8cd53349,english,casual_to_benchmark,bench_deploy,0,1,train,c202236235762e1c871ad0ccb60c8ee5ba337b9a,0,1,-25.14906883239746,1.1964599450076108e-11,0
bench_deploy__744__3c13a3cc0127,english,casual_to_benchmark,bench_deploy,0,1,train,c202236235762e1c871ad0ccb60c8ee5ba337b9a,0,1,-28.166475296020508,5.854033620703025e-13,0
bench_deploy__745__4abce5f42de2,english,casual_to_benchmark,bench_deploy,0,1,train,c202236235762e1c871ad0ccb60c8ee5ba337b9a,0,1,-42.109169006347656,5.154900138526736e-19,0
bench_deploy__746__f0c8ba46b3ea,english,casual_to_benchmark,bench_deploy,0,1,train,c202236235762e1c871ad0ccb60c8ee5ba337b9a,0,1,-50.32801818847656,1.389374769106648e-22,0
bench_deploy__747__f450df89e1f8,english,casual_to_benchmark,bench_deploy,0,1,train,c202236235762e1c871ad0ccb60c8ee5ba337b9a,0,1,-48.2750244140625,1.0824885151736167e-21,0
bench_deploy__750__e1e2de848297,english,casual_to_benchmark,bench_deploy,0,1,train,c202236235762e1c871ad0ccb60c8ee5ba337b9a,0,1,-38.85712814331055,1.3321823174505316e-17,0
bench_deploy__751__91d7b6a65c50,english,casual_to_benchmark,bench_deploy,0,1,train,c202236235762e1c871ad0ccb60c8ee5ba337b9a,0,1,-23.89606285095215,4.1886279167346885e-11,0
bench_deploy__756__6faef1ab551b,english,casual_to_benchmark,bench_deploy,0,1,train,c202236235762e1c871ad0ccb60c8ee5ba337b9a,0,1,-40.302978515625,3.1378978663961816e-18,0
bench_deploy__764__f13f01377c3e,english,casual_to_benchmark,bench_deploy,0,1,train,c202236235762e1c871ad0ccb60c8ee5ba337b9a,0,1,-39.949790954589844,4.467105766441064e-18,0
bench_deploy__770__27c409478849,english,casual_to_benchmark,bench_deploy,0,1,train,c202236235762e1c871ad0ccb60c8ee5ba337b9a,0,1,-44.28284454345703,5.864148964913225e-20,0
bench_deploy__772__4777f517efcd,english,casual_to_benchmark,bench_deploy,0,1,train,c202236235762e1c871ad0ccb60c8ee5ba337b9a,0,1,-26.67756462097168,2.5946625490519404e-12,0
bench_deploy__776__bdab2ebf80e8,english,casual_to_benchmark,bench_deploy,0,1,train,c202236235762e1c871ad0ccb60c8ee5ba337b9a,0,1,-48.951202392578125,5.505070749576879e-22,0
bench_deploy__777__bb51f0edf10f,english,casual_to_benchmark,bench_deploy,0,1,train,c202236235762e1c871ad0ccb60c8ee5ba337b9a,0,1,-28.980710983276367,2.593206682374727e-13,0
bench_deploy__786__f54ee37caaec,english,casual_to_benchmark,bench_deploy,0,1,train,c202236235762e1c871ad0ccb60c8ee5ba337b9a,0,1,-31.636919021606445,1.8207933736593372e-14,0
bench_deploy__788__81eebcf833ce,english,casual_to_benchmark,bench_deploy,0,1,train,c202236235762e1c871ad0ccb60c8ee5ba337b9a,0,1,-36.38668441772461,1.5756644527678424e-16,0
bench_deploy__793__de2e76a04dbc,english,casual_to_benchmark,bench_deploy,0,1,train,c202236235762e1c871ad0ccb60c8ee5ba337b9a,0,1,-44.97516632080078,2.934495601335464e-20,0
bench_deploy__795__b2ac1dcbf6cb,english,casual_to_benchmark,bench_deploy,0,1,train,c202236235762e1c871ad0ccb60c8ee5ba337b9a,0,1,-16.099767684936523,1.0184967891291308e-07,0
bench_deploy__796__15dc11c2ee22,english,casual_to_benchmark,bench_deploy,0,1,train,c202236235762e1c871ad0ccb60c8ee5ba337b9a,0,1,-32.32253646850586,9.172775589766889e-15,0
bench_deploy__821__9e3d9a9ac40f,english,casual_to_benchmark,bench_deploy,0,1,train,c202236235762e1c871ad0ccb60c8ee5ba337b9a,0,1,-19.490467071533203,3.4308182961240163e-09,0
bench_deploy__823__36d8d3c87de3,english,casual_to_benchmark,bench_deploy,0,1,train,c202236235762e1c871ad0ccb60c8ee5ba337b9a,0,1,-24.205204010009766,3.0747758505977885e-11,0
bench_deploy__824__aa089f415e79,english,casual_to_benchmark,bench_deploy,0,1,train,c202236235762e1c871ad0ccb60c8ee5ba337b9a,0,1,-46.43158721923828,6.839398299846226e-21,0
bench_deploy__828__e5e912540d6e,english,casual_to_benchmark,bench_deploy,0,1,train,c202236235762e1c871ad0ccb60c8ee5ba337b9a,0,1,-31.64888572692871,1.7991342329782764e-14,0
bench_deploy__829__1f9491197844,english,casual_to_benchmark,bench_deploy,0,1,train,c202236235762e1c871ad0ccb60c8ee5ba337b9a,0,1,-43.66743469238281,1.0851107786896057e-19,0
bench_deploy__834__3d7713473cea,english,casual_to_benchmark,bench_deploy,0,1,train,c202236235762e1c871ad0ccb60c8ee5ba337b9a,0,1,-53.57620620727539,5.396961117494249e-24,0
bench_eval__5__0e945209f22d,english,casual_to_benchmark,bench_eval,1,1,train,c202236235762e1c871ad0ccb60c8ee5ba337b9a,0,1,-28.690977096557617,3.4647106147631113e-13,0
bench_eval__6__e8aef8cb88f1,english,casual_to_benchmark,bench_eval,1,1,train,c202236235762e1c871ad0ccb60c8ee5ba337b9a,0,1,-35.60145568847656,3.4552880021468705e-16,0
bench_eval__7__9455323d0ea5,english,casual_to_benchmark,bench_eval,1,1,train,c202236235762e1c871ad0ccb60c8ee5ba337b9a,0,1,-35.57060241699219,3.563556547558303e-16,0
bench_eval__11__76c2a6e6f419,english,casual_to_benchmark,bench_eval,1,1,train,c202236235762e1c871ad0ccb60c8ee5ba337b9a,0,1,-27.280994415283203,1.41910539309259e-12,0
bench_eval__14__620218043e87,english,casual_to_benchmark,bench_eval,1,1,train,c202236235762e1c871ad0ccb60c8ee5ba337b9a,0,1,-36.552528381347656,1.3348690000801038e-16,0
bench_eval__16__ecadf7dc1ee2,english,casual_to_benchmark,bench_eval,1,1,train,c202236235762e1c871ad0ccb60c8ee5ba337b9a,0,1,-42.6114501953125,3.1194808451540533e-19,0
bench_eval__17__834b2b30d9fd,english,casual_to_benchmark,bench_eval,1,1,train,c202236235762e1c871ad0ccb60c8ee5ba337b9a,0,1,-20.98951530456543,7.662479539760625e-10,0
bench_eval__22__274abdad1626,english,casual_to_benchmark,bench_eval,1,1,train,c202236235762e1c871ad0ccb60c8ee5ba337b9a,0,1,-24.410646438598633,2.5037498116442514e-11,0
bench_eval__25__cbe0da875f35,english,casual_to_benchmark,bench_eval,1,1,train,c202236235762e1c871ad0ccb60c8ee5ba337b9a,0,1,-33.23170471191406,3.695336662942706e-15,0
bench_eval__32__ebf801e9574f,english,casual_to_benchmark,bench_eval,1,1,train,c202236235762e1c871ad0ccb60c8ee5ba337b9a,0,1,-31.333452224731445,2.4663495394204246e-14,0
bench_eval__47__8f97f9a49a5c,english,casual_to_benchmark,bench_eval,1,1,train,c202236235762e1c871ad0ccb60c8ee5ba337b9a,0,1,-30.906946182250977,3.778190122414628e-14,0
bench_eval__56__a9eba33bac45,english,casual_to_benchmark,bench_eval,1,1,train,c202236235762e1c871ad0ccb60c8ee5ba337b9a,0,1,-42.74702072143555,2.72398563176502e-19,0
bench_eval__61__154ec293bbb9,english,casual_to_benchmark,bench_eval,1,1,train,c202236235762e1c871ad0ccb60c8ee5ba337b9a,0,1,-33.206024169921875,3.791463891027755e-15,0
bench_eval__63__fb2350e1cbd3,english,casual_to_benchmark,bench_eval,1,1,train,c202236235762e1c871ad0ccb60c8ee5ba337b9a,0,1,-40.65778350830078,2.2006399870325066e-18,0
bench_eval__64__6282ed747ad6,english,casual_to_benchmark,bench_eval,1,1,train,c202236235762e1c871ad0ccb60c8ee5ba337b9a,0,1,-38.117977142333984,2.789798633860849e-17,0
bench_eval__67__f1bce6f894f4,english,casual_to_benchmark,bench_eval,1,1,train,c202236235762e1c871ad0ccb60c8ee5ba337b9a,0,1,-36.858856201171875,9.826574143140458e-17,0
bench_eval__71__37eaa07d144d,english,casual_to_benchmark,bench_eval,1,1,train,c202236235762e1c871ad0ccb60c8ee5ba337b9a,0,1,-36.556846618652344,1.329117116972655e-16,0
bench_eval__72__e50228b524aa,english,casual_to_benchmark,bench_eval,1,1,train,c202236235762e1c871ad0ccb60c8ee5ba337b9a,0,1,-30.486557006835938,5.752498900401387e-14,0
bench_eval__75__23fbb89a4cf3,english,casual_to_benchmark,bench_eval,1,1,train,c202236235762e1c871ad0ccb60c8ee5ba337b9a,0,1,-45.146080017089844,2.473469718103302e-20,0
bench_eval__82__c16cbaaa1382,english,casual_to_benchmark,bench_eval,1,1,train,c202236235762e1c871ad0ccb60c8ee5ba337b9a,0,1,-26.39870834350586,3.4291512771705834e-12,0
bench_eval__92__0bd712ce9a4b,english,casual_to_benchmark,bench_eval,1,1,train,c202236235762e1c871ad0ccb60c8ee5ba337b9a,0,1,-22.07606315612793,2.585160974177825e-10,0
bench_eval__95__2d8b4d092a57,english,casual_to_benchmark,bench_eval,1,1,train,c202236235762e1c871ad0ccb60c8ee5ba337b9a,0,1,-28.795320510864258,3.121412633574905e-13,0
bench_eval__97__48ad1e2c3268,english,casual_to_benchmark,bench_eval,1,1,train,c202236235762e1c871ad0ccb60c8ee5ba337b9a,0,1,-25.336729049682617,9.917413244797668e-12,0
bench_eval__111__5b9724162b2c,english,casual_to_benchmark,bench_eval,1,1,train,c202236235762e1c871ad0ccb60c8ee5ba337b9a,0,1,-33.8078727722168,2.0769565504030665e-15,0
bench_eval__117__d8151a525c9a,english,casual_to_benchmark,bench_eval,1,1,train,c202236235762e1c871ad0ccb60c8ee5ba337b9a,0,1,-34.65435028076172,8.908547261760936e-16,0
bench_eval__127__9aeddfbe504b,english,casual_to_benchmark,bench_eval,1,1,train,c202236235762e1c871ad0ccb60c8ee5ba337b9a,0,1,-26.24189567565918,4.011340305060118e-12,0
bench_eval__131__324f256b0c08,english,casual_to_benchmark,bench_eval,1,1,train,c202236235762e1c871ad0ccb60c8ee5ba337b9a,0,1,-35.56856918334961,3.570809531866964e-16,0
bench_eval__134__a4bd6cb2337f,english,casual_to_benchmark,bench_eval,1,1,train,c202236235762e1c871ad0ccb60c8ee5ba337b9a,0,1,-39.30389404296875,8.521885158581596e-18,0
bench_eval__137__623d7de83314,english,casual_to_benchmark,bench_eval,1,1,train,c202236235762e1c871ad0ccb60c8ee5ba337b9a,0,1,-26.66059684753418,2.6390638806217392e-12,0
bench_eval__141__0f194bbb9578,english,casual_to_benchmark,bench_eval,1,1,train,c202236235762e1c871ad0ccb60c8ee5ba337b9a,0,1,-32.18421936035156,1.0533461174697459e-14,0
bench_eval__147__6cd3f4cd377c,english,casual_to_benchmark,bench_eval,1,1,train,c202236235762e1c871ad0ccb60c8ee5ba337b9a,0,1,-31.750205993652344,1.6257760654218856e-14,0
bench_eval__148__8c95760fabac,english,casual_to_benchmark,bench_eval,1,1,train,c202236235762e1c871ad0ccb60c8ee5ba337b9a,0,1,-43.69801712036133,1.0524277740883845e-19,0
bench_eval__158__b3a5bdd20d8b,english,casual_to_benchmark,bench_eval,1,1,train,c202236235762e1c871ad0ccb60c8ee5ba337b9a,0,1,-39.888214111328125,4.750821685511546e-18,0
bench_eval__171__cf60ab91c6fd,english,casual_to_benchmark,bench_eval,1,1,train,c202236235762e1c871ad0ccb60c8ee5ba337b9a,0,1,-37.0575065612793,8.056183962639344e-17,0
bench_eval__181__230368583a02,english,casual_to_benchmark,bench_eval,1,1,train,c202236235762e1c871ad0ccb60c8ee5ba337b9a,0,1,-31.65440559387207,1.789230723758979e-14,0
bench_eval__183__b6941f8acaff,english,casual_to_benchmark,bench_eval,1,1,train,c202236235762e1c871ad0ccb60c8ee5ba337b9a,0,1,-29.430049896240234,1.6545949723181796e-13,0
bench_eval__188__7ebf37aa2186,english,casual_to_benchmark,bench_eval,1,1,train,c202236235762e1c871ad0ccb60c8ee5ba337b9a,0,1,-22.090805053710938,2.5473304021694787e-10,0
bench_eval__193__974efb800a8c,english,casual_to_benchmark,bench_eval,1,1,train,c202236235762e1c871ad0ccb60c8ee5ba337b9a,0,1,-33.153987884521484,3.993980998386786e-15,0
bench_eval__197__b298d6ed92d7,english,casual_to_benchmark,bench_eval,1,1,train,c202236235762e1c871ad0ccb60c8ee5ba337b9a,0,1,-29.302114486694336,1.8804135494803614e-13,0
bench_eval__199__aa7999a74cb4,english,casual_to_benchmark,bench_eval,1,1,train,c202236235762e1c871ad0ccb60c8ee5ba337b9a,0,1,-24.84065818786621,1.6286930137887623e-11,0
bench_eval__213__d3c212be4b33,english,casual_to_benchmark,bench_eval,1,1,train,c202236235762e1c871ad0ccb60c8ee5ba337b9a,0,1,-29.05756187438965,2.401381773552841e-13,0
bench_eval__218__1f711dc64c5e,english,casual_to_benchmark,bench_eval,1,1,train,c202236235762e1c871ad0ccb60c8ee5ba337b9a,0,1,-35.644039154052734,3.311238667461048e-16,0
bench_eval__223__49f376659b05,english,casual_to_benchmark,bench_eval,1,1,train,c202236235762e1c871ad0ccb60c8ee5ba337b9a,0,1,-36.343223571777344,1.6456541234549752e-16,0
bench_eval__224__2eb900f042bb,english,casual_to_benchmark,bench_eval,1,1,train,c202236235762e1c871ad0ccb60c8ee5ba337b9a,0,1,-28.84254264831543,2.9774389876356666e-13,0
bench_eval__226__e6189ab11682,english,casual_to_benchmark,bench_eval,1,1,train,c202236235762e1c871ad0ccb60c8ee5ba337b9a,0,1,-35.626861572265625,3.368609267769766e-16,0
bench_eval__240__9b39f6469839,english,casual_to_benchmark,bench_eval,1,1,train,c202236235762e1c871ad0ccb60c8ee5ba337b9a,0,1,-38.06590270996094,2.938925070797624e-17,0
bench_eval__246__c1b4b7cd9212,english,casual_to_benchmark,bench_eval,1,1,train,c202236235762e1c871ad0ccb60c8ee5ba337b9a,0,1,-33.41419219970703,3.0789363876656487e-15,0
bench_eval__256__163ba566758b,english,casual_to_benchmark,bench_eval,1,1,train,c202236235762e1c871ad0ccb60c8ee5ba337b9a,0,1,-22.953784942626953,1.0747262801924506e-10,0
bench_eval__259__122fc2644486,english,casual_to_benchmark,bench_eval,1,1,train,c202236235762e1c871ad0ccb60c8ee5ba337b9a,0,1,-34.57868194580078,9.608802104750275e-16,0
bench_eval__261__468b47edff97,english,casual_to_benchmark,bench_eval,1,1,train,c202236235762e1c871ad0ccb60c8ee5ba337b9a,0,1,-27.369230270385742,1.299254866020394e-12,0
bench_eval__265__e1509adf1a14,english,casual_to_benchmark,bench_eval,1,1,train,c202236235762e1c871ad0ccb60c8ee5ba337b9a,0,1,-38.88513946533203,1.29538386441213e-17,0
bench_eval__266__f32e95dbcfaf,english,casual_to_benchmark,bench_eval,1,1,train,c202236235762e1c871ad0ccb60c8ee5ba337b9a,0,1,-34.732261657714844,8.240820072132938e-16,0
bench_eval__273__0c06ffd01e69,english,casual_to_benchmark,bench_eval,1,1,train,c202236235762e1c871ad0ccb60c8ee5ba337b9a,0,1,-27.72479820251465,9.1048566255858e-13,0
bench_eval__276__8b49caf09aad,english,casual_to_benchmark,bench_eval,1,1,train,c202236235762e1c871ad0ccb60c8ee5ba337b9a,0,1,-29.73956871032715,1.2141417699788187e-13,0
bench_eval__301__537a69d2c5a6,english,casual_to_benchmark,bench_eval,1,1,train,c202236235762e1c871ad0ccb60c8ee5ba337b9a,0,1,-28.951757431030273,2.669386792771705e-13,0
bench_eval__304__93e4994be893,english,casual_to_benchmark,bench_eval,1,1,train,c202236235762e1c871ad0ccb60c8ee5ba337b9a,0,1,-36.93422317504883,9.113195715773495e-17,0
bench_eval__309__c0731f101d94,english,casual_to_benchmark,bench_eval,1,1,train,c202236235762e1c871ad0ccb60c8ee5ba337b9a,0,1,-31.633764266967773,1.8265464214370884e-14,0
bench_eval__319__67d4070e0e30,english,casual_to_benchmark,bench_eval,1,1,train,c202236235762e1c871ad0ccb60c8ee5ba337b9a,0,1,-28.380441665649414,4.726403730198614e-13,0
bench_eval__327__7a28d80ec603,english,casual_to_benchmark,bench_eval,1,1,train,c202236235762e1c871ad0ccb60c8ee5ba337b9a,0,1,-23.667638778686523,5.2635056035921224e-11,0
bench_eval__329__8d2815253afd,english,casual_to_benchmark,bench_eval,1,1,train,c202236235762e1c871ad0ccb60c8ee5ba337b9a,0,1,-31.293842315673828,2.5660019492253563e-14,0
bench_eval__335__ae761c0ba337,english,casual_to_benchmark,bench_eval,1,1,train,c202236235762e1c871ad0ccb60c8ee5ba337b9a,0,1,-27.434768676757812,1.2168340337084804e-12,0
bench_eval__346__17379646f701,english,casual_to_benchmark,bench_eval,1,1,train,c202236235762e1c871ad0ccb60c8ee5ba337b9a,0,1,-27.04064178466797,1.8046729475390544e-12,0
bench_eval__354__0688299b9c9f,english,casual_to_benchmark,bench_eval,1,1,train,c202236235762e1c871ad0ccb60c8ee5ba337b9a,0,1,-38.446495056152344,2.008627130467001e-17,0
bench_eval__358__f6444f0e83cb,english,casual_to_benchmark,bench_eval,1,1,train,c202236235762e1c871ad0ccb60c8ee5ba337b9a,0,1,-37.16886520385742,7.207206148328809e-17,0
bench_eval__359__bf85d8f2e21d,english,casual_to_benchmark,bench_eval,1,1,train,c202236235762e1c871ad0ccb60c8ee5ba337b9a,0,1,-31.694543838500977,1.718836356611516e-14,0
bench_eval__364__35fa9f780f3d,english,casual_to_benchmark,bench_eval,1,1,train,c202236235762e1c871ad0ccb60c8ee5ba337b9a,0,1,-35.81248474121094,2.797921348952773e-16,0
bench_eval__365__f7eb6fb703a7,english,casual_to_benchmark,bench_eval,1,1,train,c202236235762e1c871ad0ccb60c8ee5ba337b9a,0,1,-30.966825485229492,3.558595136773056e-14,0
bench_eval__368__7293c8c8ef96,english,casual_to_benchmark,bench_eval,1,1,train,c202236235762e1c871ad0ccb60c8ee5ba337b9a,0,1,-33.71072006225586,2.2888657708394896e-15,0
bench_eval__380__f251dc002324,english,casual_to_benchmark,bench_eval,1,1,train,c202236235762e1c871ad0ccb60c8ee5ba337b9a,0,1,-28.6788330078125,3.5070430175372647e-13,0
bench_eval__383__61fe009ae652,english,casual_to_benchmark,bench_eval,1,1,train,c202236235762e1c871ad0ccb60c8ee5ba337b9a,0,1,-33.486732482910156,2.8634977926962537e-15,0
bench_eval__387__60d3cb2c3802,english,casual_to_benchmark,bench_eval,1,1,train,c202236235762e1c871ad0ccb60c8ee5ba337b9a,0,1,-34.702003479003906,8.493983396990672e-16,0
bench_eval__389__270c7d190a19,english,casual_to_benchmark,bench_eval,1,1,train,c202236235762e1c871ad0ccb60c8ee5ba337b9a,0,1,-29.498687744140625,1.5448371206393252e-13,0
bench_eval__394__505d3487d75c,english,casual_to_benchmark,bench_eval,1,1,train,c202236235762e1c871ad0ccb60c8ee5ba337b9a,0,1,-29.35434913635254,1.784711972391967e-13,0
bench_eval__399__1a867b99c192,english,casual_to_benchmark,bench_eval,1,1,train,c202236235762e1c871ad0ccb60c8ee5ba337b9a,0,1,-35.54746627807617,3.646964411270026e-16,0
bench_eval__405__04cf2856a4ca,english,casual_to_benchmark,bench_eval,1,1,train,c202236235762e1c871ad0ccb60c8ee5ba337b9a,0,1,-32.287200927734375,9.502695769755386e-15,0
bench_eval__408__fb58d7a72c51,english,casual_to_benchmark,bench_eval,1,1,train,c202236235762e1c871ad0ccb60c8ee5ba337b9a,0,1,-29.241586685180664,1.9977460441120143e-13,0
bench_eval__409__cae2324d1573,english,casual_to_benchmark,bench_eval,1,1,train,c202236235762e1c871ad0ccb60c8ee5ba337b9a,0,1,-27.097518920898438,1.7048928458232582e-12,0
bench_eval__421__cecb9efff611,english,casual_to_benchmark,bench_eval,1,1,train,c202236235762e1c871ad0ccb60c8ee5ba337b9a,0,1,-28.993032455444336,2.5614506717931695e-13,0
bench_eval__424__4c2d70d61677,english,casual_to_benchmark,bench_eval,1,1,train,c202236235762e1c871ad0ccb60c8ee5ba337b9a,0,1,-40.61293411254883,2.3015839391096497e-18,0
bench_eval__427__629ab8ba72f2,english,casual_to_benchmark,bench_eval,1,1,train,c202236235762e1c871ad0ccb60c8ee5ba337b9a,0,1,-30.99995994567871,3.4426149810636714e-14,0
bench_eval__433__f956991601df,english,casual_to_benchmark,bench_eval,1,1,train,c202236235762e1c871ad0ccb60c8ee5ba337b9a,0,1,-28.16996955871582,5.833613214885347e-13,0
bench_eval__440__514ee8dae2f7,english,casual_to_benchmark,bench_eval,1,1,train,c202236235762e1c871ad0ccb60c8ee5ba337b9a,0,1,-32.194854736328125,1.0422028061255525e-14,0
bench_eval__443__5475bf0da282,english,casual_to_benchmark,bench_eval,1,1,train,c202236235762e1c871ad0ccb60c8ee5ba337b9a,0,1,-34.69879150390625,8.52130973866028e-16,0
bench_eval__445__14f1293a621f,english,casual_to_benchmark,bench_eval,1,1,train,c202236235762e1c871ad0ccb60c8ee5ba337b9a,0,1,-34.148963928222656,1.4767037935951095e-15,0
bench_eval__449__8271cc12dcaa,english,casual_to_benchmark,bench_eval,1,1,train,c202236235762e1c871ad0ccb60c8ee5ba337b9a,0,1,-48.004730224609375,1.4184386515308482e-21,0
bench_eval__455__6fb65eca267f,english,casual_to_benchmark,bench_eval,1,1,train,c202236235762e1c871ad0ccb60c8ee5ba337b9a,0,1,-32.63920593261719,6.6830230382335966e-15,0
bench_eval__456__7e5808360715,english,casual_to_benchmark,bench_eval,1,1,train,c202236235762e1c871ad0ccb60c8ee5ba337b9a,0,1,-31.214101791381836,2.778995498889207e-14,0
bench_eval__457__815ba4f58636,english,casual_to_benchmark,bench_eval,1,1,train,c202236235762e1c871ad0ccb60c8ee5ba337b9a,0,1,-28.536041259765625,4.045337198901877e-13,0
bench_eval__461__747d52ae9924,english,casual_to_benchmark,bench_eval,1,1,train,c202236235762e1c871ad0ccb60c8ee5ba337b9a,0,1,-28.39040756225586,4.679534212383152e-13,0
bench_eval__470__3aaf1966e4db,english,casual_to_benchmark,bench_eval,1,1,train,c202236235762e1c871ad0ccb60c8ee5ba337b9a,0,1,-22.884218215942383,1.1521534420966262e-10,0
bench_eval__472__5bb436bbd0e9,english,casual_to_benchmark,bench_eval,1,1,train,c202236235762e1c871ad0ccb60c8ee5ba337b9a,0,1,-23.959989547729492,3.9292416542657804e-11,0
bench_eval__482__c437322c1a99,english,casual_to_benchmark,bench_eval,1,1,train,c202236235762e1c871ad0ccb60c8ee5ba337b9a,0,1,-29.335264205932617,1.8191002903230474e-13,0
bench_eval__484__e2000dde6184,english,casual_to_benchmark,bench_eval,1,1,train,c202236235762e1c871ad0ccb60c8ee5ba337b9a,0,1,-32.25898361206055,9.774654332196219e-15,0
bench_eval__489__9f938a378ea1,english,casual_to_benchmark,bench_eval,1,1,train,c202236235762e1c871ad0ccb60c8ee5ba337b9a,0,1,-29.25615692138672,1.9688493457098444e-13,0
bench_eval__496__bfa13fbc05a2,english,casual_to_benchmark,bench_eval,1,1,train,c202236235762e1c871ad0ccb60c8ee5ba337b9a,0,1,-22.20677375793457,2.2684054634680706e-10,0
bench_eval__500__35795d8c6096,english,casual_to_benchmark,bench_eval,1,1,train,c202236235762e1c871ad0ccb60c8ee5ba337b9a,0,1,-37.903411865234375,3.457461766622211e-17,0
bench_eval__502__a7cf5cb645cb,english,casual_to_benchmark,bench_eval,1,1,train,c202236235762e1c871ad0ccb60c8ee5ba337b9a,0,1,-30.366121292114258,6.48875078017655e-14,0
bench_eval__506__32d54f847156,english,casual_to_benchmark,bench_eval,1,1,train,c202236235762e1c871ad0ccb60c8ee5ba337b9a,0,1,-28.179738998413086,5.776899683444803e-13,0
bench_eval__526__04b1f4df7e08,english,casual_to_benchmark,bench_eval,1,1,train,c202236235762e1c871ad0ccb60c8ee5ba337b9a,0,1,-26.298954010009766,3.788867223436521e-12,0
bench_eval__527__a463b8cb63a9,english,casual_to_benchmark,bench_eval,1,1,train,c202236235762e1c871ad0ccb60c8ee5ba337b9a,0,1,-29.63665771484375,1.345746024382713e-13,0
bench_eval__533__a70f9b016ad5,english,casual_to_benchmark,bench_eval,1,1,train,c202236235762e1c871ad0ccb60c8ee5ba337b9a,0,1,-29.409162521362305,1.689518615071925e-13,0
bench_eval__535__ae2e00467be1,english,casual_to_benchmark,bench_eval,1,1,train,c202236235762e1c871ad0ccb60c8ee5ba337b9a,0,1,-39.990234375,4.290045274782251e-18,0
bench_eval__538__675f9fd5d687,english,casual_to_benchmark,bench_eval,1,1,train,c202236235762e1c871ad0ccb60c8ee5ba337b9a,0,1,-29.83568000793457,1.102881349614171e-13,0
bench_eval__541__ad11828fb841,english,casual_to_benchmark,bench_eval,1,1,train,c202236235762e1c871ad0ccb60c8ee5ba337b9a,0,1,-32.59947204589844,6.953912221578521e-15,0
bench_eval__546__b2a5364ad701,english,casual_to_benchmark,bench_eval,1,1,train,c202236235762e1c871ad0ccb60c8ee5ba337b9a,0,1,-37.36696243286133,5.911999466003888e-17,0
bench_eval__547__f1790c8ae814,english,casual_to_benchmark,bench_eval,1,1,train,c202236235762e1c871ad0ccb60c8ee5ba337b9a,0,1,-36.07361602783203,2.1549025074428773e-16,0
bench_eval__549__86bfd438025a,english,casual_to_benchmark,bench_eval,1,1,train,c202236235762e1c871ad0ccb60c8ee5ba337b9a,0,1,-24.37980079650879,2.5821832519423715e-11,0
bench_eval__551__c74146d089d7,english,casual_to_benchmark,bench_eval,1,1,train,c202236235762e1c871ad0ccb60c8ee5ba337b9a,0,1,-22.100147247314453,2.523643516383345e-10,0
bench_eval__557__3a6d6af060ee,english,casual_to_benchmark,bench_eval,1,1,train,c202236235762e1c871ad0ccb60c8ee5ba337b9a,0,1,-31.272422790527344,2.621557315576461e-14,0
bench_eval__560__a7f8325cdad2,english,casual_to_benchmark,bench_eval,1,1,train,c202236235762e1c871ad0ccb60c8ee5ba337b9a,0,1,-37.93952941894531,3.3348150354544834e-17,0
bench_eval__565__9247f7c4285e,english,casual_to_benchmark,bench_eval,1,1,train,c202236235762e1c871ad0ccb60c8ee5ba337b9a,0,1,-34.660118103027344,8.857312356363892e-16,0
bench_eval__570__eafd6c7c01ac,english,casual_to_benchmark,bench_eval,1,1,train,c202236235762e1c871ad0ccb60c8ee5ba337b9a,0,1,-34.197998046875,1.4060415522780772e-15,0
bench_eval__577__4a3fdbc241e5,english,casual_to_benchmark,bench_eval,1,1,train,c202236235762e1c871ad0ccb60c8ee5ba337b9a,0,1,-25.106489181518555,1.2485049452615193e-11,0
bench_eval__578__f56fdf0ed95d,english,casual_to_benchmark,bench_eval,1,1,train,c202236235762e1c871ad0ccb60c8ee5ba337b9a,0,1,-33.379364013671875,3.1880592187439466e-15,0
bench_eval__587__591e59b175d0,english,casual_to_benchmark,bench_eval,1,1,train,c202236235762e1c871ad0ccb60c8ee5ba337b9a,0,1,-24.53327751159668,2.214792065025062e-11,0
bench_eval__597__a2266f7053f2,english,casual_to_benchmark,bench_eval,1,1,train,c202236235762e1c871ad0ccb60c8ee5ba337b9a,0,1,-39.04863739013672,1.0999988406434296e-17,0
bench_eval__599__d5fadd982f17,english,casual_to_benchmark,bench_eval,1,1,train,c202236235762e1c871ad0ccb60c8ee5ba337b9a,0,1,-29.566606521606445,1.4433975390783227e-13,0
bench_eval__612__396aa275c77d,english,casual_to_benchmark,bench_eval,1,1,train,c202236235762e1c871ad0ccb60c8ee5ba337b9a,0,1,-28.27619743347168,5.245700250046392e-13,0
bench_eval__623__80c6fa095642,english,casual_to_benchmark,bench_eval,1,1,train,c202236235762e1c871ad0ccb60c8ee5ba337b9a,0,1,-31.37626838684082,2.362978485570457e-14,0
bench_eval__628__66757f9b6224,english,casual_to_benchmark,bench_eval,1,1,train,c202236235762e1c871ad0ccb60c8ee5ba337b9a,0,1,-33.19379425048828,3.8381180422460484e-15,0
bench_eval__637__c2564fd8c1d9,english,casual_to_benchmark,bench_eval,1,1,train,c202236235762e1c871ad0ccb60c8ee5ba337b9a,0,1,-26.769628524780273,2.36645382109546e-12,0
bench_eval__638__5133a361bad3,english,casual_to_benchmark,bench_eval,1,1,train,c202236235762e1c871ad0ccb60c8ee5ba337b9a,0,1,-25.11089324951172,1.2430185353240475e-11,0
bench_eval__642__8468a6b8a966,english,casual_to_benchmark,bench_eval,1,1,train,c202236235762e1c871ad0ccb60c8ee5ba337b9a,0,1,-29.52866554260254,1.4992134866453205e-13,0
bench_eval__643__ab3aa0220577,english,casual_to_benchmark,bench_eval,1,1,train,c202236235762e1c871ad0ccb60c8ee5ba337b9a,0,1,-30.217418670654297,7.529078001246997e-14,0
bench_eval__646__3c524fdb731b,english,casual_to_benchmark,bench_eval,1,1,train,c202236235762e1c871ad0ccb60c8ee5ba337b9a,0,1,-27.081884384155273,1.7317573156733213e-12,0
bench_eval__647__ec14b1bc2dc6,english,casual_to_benchmark,bench_eval,1,1,train,c202236235762e1c871ad0ccb60c8ee5ba337b9a,0,1,-44.14267349243164,6.746530312422243e-20,0
bench_eval__653__594cbf10e1c9,english,casual_to_benchmark,bench_eval,1,1,train,c202236235762e1c871ad0ccb60c8ee5ba337b9a,0,1,-25.595144271850586,7.658964608359131e-12,0
bench_eval__654__1a9056d5152e,english,casual_to_benchmark,bench_eval,1,1,train,c202236235762e1c871ad0ccb60c8ee5ba337b9a,0,1,-25.58409309387207,7.744075346260981e-12,0
bench_eval__657__6f8e88e001e8,english,casual_to_benchmark,bench_eval,1,1,train,c202236235762e1c871ad0ccb60c8ee5ba337b9a,0,1,-33.698486328125,2.317038933698115e-15,0
bench_eval__659__135d549665c1,english,casual_to_benchmark,bench_eval,1,1,train,c202236235762e1c871ad0ccb60c8ee5ba337b9a,0,1,-32.8646354675293,5.334210737641164e-15,0
bench_eval__665__5c221c673259,english,casual_to_benchmark,bench_eval,1,1,train,c202236235762e1c871ad0ccb60c8ee5ba337b9a,0,1,-41.93987274169922,6.105829555657111e-19,0
bench_eval__673__a15655d9d3f0,english,casual_to_benchmark,bench_eval,1,1,train,c202236235762e1c871ad0ccb60c8ee5ba337b9a,0,1,-30.5413875579834,5.44557685077697e-14,0
bench_eval__674__f16a9169f9d6,english,casual_to_benchmark,bench_eval,1,1,train,c202236235762e1c871ad0ccb60c8ee5ba337b9a,0,1,-27.71746826171875,9.1718408042063e-13,0
bench_eval__679__579c20ada0fd,english,casual_to_benchmark,bench_eval,1,1,train,c202236235762e1c871ad0ccb60c8ee5ba337b9a,0,1,-25.227407455444336,1.1063081874207459e-11,0
bench_eval__682__3584dbfe2e8b,english,casual_to_benchmark,bench_eval,1,1,train,c202236235762e1c871ad0ccb60c8ee5ba337b9a,0,1,-23.237932205200195,8.088989200683017e-11,0
bench_eval__687__10eccfc53cab,english,casual_to_benchmark,bench_eval,1,1,train,c202236235762e1c871ad0ccb60c8ee5ba337b9a,0,1,-39.06623840332031,1.080807175097403e-17,0
bench_eval__702__4db393661199,english,casual_to_benchmark,bench_eval,1,1,train,c202236235762e1c871ad0ccb60c8ee5ba337b9a,0,1,-38.430908203125,2.040180762113449e-17,0
bench_eval__705__61236e652c59,english,casual_to_benchmark,bench_eval,1,1,train,c202236235762e1c871ad0ccb60c8ee5ba337b9a,0,1,-31.956531524658203,1.3226797248070375e-14,0
bench_eval__708__0a42cc832f05,english,casual_to_benchmark,bench_eval,1,1,train,c202236235762e1c871ad0ccb60c8ee5ba337b9a,0,1,-26.905038833618164,2.066760391300493e-12,0
bench_eval__712__cc47c164ff4f,english,casual_to_benchmark,bench_eval,1,1,train,c202236235762e1c871ad0ccb60c8ee5ba337b9a,0,1,-30.98387908935547,3.498422932639647e-14,0
bench_eval__725__8b7df908af39,english,casual_to_benchmark,bench_eval,1,1,train,c202236235762e1c871ad0ccb60c8ee5ba337b9a,0,1,-28.418142318725586,4.551532219697341e-13,0
bench_eval__726__16caed81a50e,english,casual_to_benchmark,bench_eval,1,1,train,c202236235762e1c871ad0ccb60c8ee5ba337b9a,0,1,-32.431480407714844,8.225968090556663e-15,0
bench_eval__729__79ce2083169a,english,casual_to_benchmark,bench_eval,1,1,train,c202236235762e1c871ad0ccb60c8ee5ba337b9a,0,1,-32.69404602050781,6.326393791835803e-15,0
bench_eval__731__2ee631d8ee55,english,casual_to_benchmark,bench_eval,1,1,train,c202236235762e1c871ad0ccb60c8ee5ba337b9a,0,1,-34.38324737548828,1.1682759099728877e-15,0
bench_eval__734__879e810f95ee,english,casual_to_benchmark,bench_eval,1,1,train,c202236235762e1c871ad0ccb60c8ee5ba337b9a,0,1,-26.39730453491211,3.4339683874229365e-12,0
bench_eval__737__ef312394dadd,english,casual_to_benchmark,bench_eval,1,1,train,c202236235762e1c871ad0ccb60c8ee5ba337b9a,0,1,-26.928430557250977,2.0189761321121047e-12,0
bench_eval__738__40a40f536647,english,casual_to_benchmark,bench_eval,1,1,train,c202236235762e1c871ad0ccb60c8ee5ba337b9a,0,1,-36.711334228515625,1.1388594880361503e-16,0
bench_eval__742__bd96a1c6eb94,english,casual_to_benchmark,bench_eval,1,1,train,c202236235762e1c871ad0ccb60c8ee5ba337b9a,0,1,-31.29177474975586,2.5713128458046408e-14,0
bench_eval__752__a7b09cb53b92,english,casual_to_benchmark,bench_eval,1,1,train,c202236235762e1c871ad0ccb60c8ee5ba337b9a,0,1,-30.166513442993164,7.922270695362443e-14,0
bench_eval__755__d49b45acc271,english,casual_to_benchmark,bench_eval,1,1,train,c202236235762e1c871ad0ccb60c8ee5ba337b9a,0,1,-44.005680084228516,7.737059708908887e-20,0
bench_eval__760__20a77da15b01,english,casual_to_benchmark,bench_eval,1,1,train,c202236235762e1c871ad0ccb60c8ee5ba337b9a,0,1,-31.208993911743164,2.7932264994360266e-14,0
bench_eval__767__8daeec0b2883,english,casual_to_benchmark,bench_eval,1,1,train,c202236235762e1c871ad0ccb60c8ee5ba337b9a,0,1,-23.631017684936523,5.459833973819883e-11,0
bench_eval__779__007ac4a4c832,english,casual_to_benchmark,bench_eval,1,1,train,c202236235762e1c871ad0ccb60c8ee5ba337b9a,0,1,-29.70839500427246,1.25258717243934e-13,0
bench_eval__782__3eb17b0f24d1,english,casual_to_benchmark,bench_eval,1,1,train,c202236235762e1c871ad0ccb60c8ee5ba337b9a,0,1,-34.68104553222656,8.673877313119724e-16,0
bench_eval__789__2c658a81d2cd,english,casual_to_benchmark,bench_eval,1,1,train,c202236235762e1c871ad0ccb60c8ee5ba337b9a,0,1,-41.444602966308594,1.0019305819658272e-18,0
bench_eval__793__b56c7c7b51e8,english,casual_to_benchmark,bench_eval,1,1,train,c202236235762e1c871ad0ccb60c8ee5ba337b9a,0,1,-24.735258102416992,1.809730490465178e-11,0
bench_eval__795__f5c679a3b249,english,casual_to_benchmark,bench_eval,1,1,train,c202236235762e1c871ad0ccb60c8ee5ba337b9a,0,1,-17.484651565551758,2.5498362532516694e-08,0
bench_eval__797__1b5ac1e3b83b,english,casual_to_benchmark,bench_eval,1,1,train,c202236235762e1c871ad0ccb60c8ee5ba337b9a,0,1,-32.18610382080078,1.0513631286369288e-14,0
bench_eval__803__8a30a3faaee8,english,casual_to_benchmark,bench_eval,1,1,train,c202236235762e1c871ad0ccb60c8ee5ba337b9a,0,1,-32.15512466430664,1.0844431533589983e-14,0
bench_eval__804__f10b5e40dfcd,english,casual_to_benchmark,bench_eval,1,1,train,c202236235762e1c871ad0ccb60c8ee5ba337b9a,0,1,-31.141586303710938,2.9880022338769213e-14,0
bench_eval__805__129dbdcb6833,english,casual_to_benchmark,bench_eval,1,1,train,c202236235762e1c871ad0ccb60c8ee5ba337b9a,0,1,-43.751773834228516,9.973464633333319e-20,0
bench_eval__819__58192e458901,english,casual_to_benchmark,bench_eval,1,1,train,c202236235762e1c871ad0ccb60c8ee5ba337b9a,0,1,-25.38140869140625,9.484059371178688e-12,0
bench_eval__823__25579a623b08,english,casual_to_benchmark,bench_eval,1,1,train,c202236235762e1c871ad0ccb60c8ee5ba337b9a,0,1,-31.46431541442871,2.1638215579131842e-14,0
bench_eval__826__eaaddace99d5,english,casual_to_benchmark,bench_eval,1,1,train,c202236235762e1c871ad0ccb60c8ee5ba337b9a,0,1,-23.216337203979492,8.265570866639038e-11,0
bench_eval__831__40870b9772c5,english,casual_to_benchmark,bench_eval,1,1,train,c202236235762e1c871ad0ccb60c8ee5ba337b9a,0,1,-32.2490348815918,9.87238499365042e-15,0
bench_eval__832__78e8780e0609,english,casual_to_benchmark,bench_eval,1,1,train,c202236235762e1c871ad0ccb60c8ee5ba337b9a,0,1,-37.24089813232422,6.706307259269568e-17,0
bench_eval__835__88c243310704,english,casual_to_benchmark,bench_eval,1,1,train,c202236235762e1c871ad0ccb60c8ee5ba337b9a,0,1,-39.71111297607422,5.671301653715655e-18,0
bench_eval__837__99021ca6f459,english,casual_to_benchmark,bench_eval,1,1,train,c202236235762e1c871ad0ccb60c8ee5ba337b9a,0,1,-33.780357360839844,2.1348982626764705e-15,0
bench_eval__840__c77f1bb251e7,english,casual_to_benchmark,bench_eval,1,1,train,c202236235762e1c871ad0ccb60c8ee5ba337b9a,0,1,-33.193992614746094,3.837356559626467e-15,0
bench_eval__852__2c9531bee4c6,english,casual_to_benchmark,bench_eval,1,1,train,c202236235762e1c871ad0ccb60c8ee5ba337b9a,0,1,-40.87982940673828,1.762445400230756e-18,0
bench_eval__858__bcf2a537b72b,english,casual_to_benchmark,bench_eval,1,1,train,c202236235762e1c871ad0ccb60c8ee5ba337b9a,0,1,-28.54792594909668,3.9975444829365436e-13,0
bench_eval__879__98adc9585615,english,casual_to_benchmark,bench_eval,1,1,train,c202236235762e1c871ad0ccb60c8ee5ba337b9a,0,1,-29.003585815429688,2.5345608316122703e-13,0
bench_eval__881__dbd365ead9a0,english,casual_to_benchmark,bench_eval,1,1,train,c202236235762e1c871ad0ccb60c8ee5ba337b9a,0,1,-27.551542282104492,1.0827226702009307e-12,0
bench_eval__886__bee75e43af76,english,casual_to_benchmark,bench_eval,1,1,train,c202236235762e1c871ad0ccb60c8ee5ba337b9a,0,1,-30.70952033996582,4.602828196169882e-14,0
bench_eval__893__9e40afdd245f,english,casual_to_benchmark,bench_eval,1,1,train,c202236235762e1c871ad0ccb60c8ee5ba337b9a,0,1,-30.036619186401367,9.021152965263401e-14,0
bench_eval__897__4e1f6fe0e516,english,casual_to_benchmark,bench_eval,1,1,train,c202236235762e1c871ad0ccb60c8ee5ba337b9a,0,1,-39.03789520263672,1.1118789740370387e-17,0
bench_eval__909__b23db683306a,english,casual_to_benchmark,bench_eval,1,1,train,c202236235762e1c871ad0ccb60c8ee5ba337b9a,0,1,-32.19596862792969,1.0410425403944035e-14,0
bench_eval__917__0328853cd2ca,english,casual_to_benchmark,bench_eval,1,1,train,c202236235762e1c871ad0ccb60c8ee5ba337b9a,0,1,-31.494403839111328,2.0996854089932147e-14,0
bench_eval__919__de05d78b45f2,english,casual_to_benchmark,bench_eval,1,1,train,c202236235762e1c871ad0ccb60c8ee5ba337b9a,0,1,-29.01770782470703,2.49901932914548e-13,0
bench_eval__922__ffa4392bee4c,english,casual_to_benchmark,bench_eval,1,1,train,c202236235762e1c871ad0ccb60c8ee5ba337b9a,0,1,-35.834495544433594,2.73700962152894e-16,0
bench_eval__926__219fb6d1aef5,english,casual_to_benchmark,bench_eval,1,1,train,c202236235762e1c871ad0ccb60c8ee5ba337b9a,0,1,-27.05379295349121,1.7810945860535776e-12,0
bench_eval__935__726e40450eb8,english,casual_to_benchmark,bench_eval,1,1,train,c202236235762e1c871ad0ccb60c8ee5ba337b9a,0,1,-35.65138244628906,3.287012201680595e-16,0
bench_eval__936__ad0bbd8a62b2,english,casual_to_benchmark,bench_eval,1,1,train,c202236235762e1c871ad0ccb60c8ee5ba337b9a,0,1,-33.96723937988281,1.7709870740311318e-15,0
bench_eval__939__0a6630669962,english,casual_to_benchmark,bench_eval,1,1,train,c202236235762e1c871ad0ccb60c8ee5ba337b9a,0,1,-23.87118911743164,4.2941209615898757e-11,0
bench_eval__942__df9a469ef292,english,casual_to_benchmark,bench_eval,1,1,train,c202236235762e1c871ad0ccb60c8ee5ba337b9a,0,1,-41.64697265625,8.183697431620542e-19,0
bench_eval__943__a981116f997e,english,casual_to_benchmark,bench_eval,1,1,train,c202236235762e1c871ad0ccb60c8ee5ba337b9a,0,1,-36.19873809814453,1.9014625733883062e-16,0
bench_eval__951__fe04af06cee3,english,casual_to_benchmark,bench_eval,1,1,train,c202236235762e1c871ad0ccb60c8ee5ba337b9a,0,1,-36.78437805175781,1.0586381887417776e-16,0
bench_eval__953__bdf3e4472b63,english,casual_to_benchmark,bench_eval,1,1,train,c202236235762e1c871ad0ccb60c8ee5ba337b9a,0,1,-26.452457427978516,3.249703457719466e-12,0
bench_eval__958__2161cd8f978b,english,casual_to_benchmark,bench_eval,1,1,train,c202236235762e1c871ad0ccb60c8ee5ba337b9a,0,1,-33.45000457763672,2.9706235318431628e-15,0
bench_eval__963__37822fb30fad,english,casual_to_benchmark,bench_eval,1,1,train,c202236235762e1c871ad0ccb60c8ee5ba337b9a,0,1,-33.336753845214844,3.3268390026462225e-15,0
bench_eval__968__a2f02221ddb0,english,casual_to_benchmark,bench_eval,1,1,train,c202236235762e1c871ad0ccb60c8ee5ba337b9a,0,1,-32.756317138671875,5.944457318556419e-15,0
bench_eval__970__efce36f78f5b,english,casual_to_benchmark,bench_eval,1,1,train,c202236235762e1c871ad0ccb60c8ee5ba337b9a,0,1,-30.460914611816406,5.901913479417972e-14,0
bench_eval__972__b6a9f33b4f61,english,casual_to_benchmark,bench_eval,1,1,train,c202236235762e1c871ad0ccb60c8ee5ba337b9a,0,1,-23.11305046081543,9.164941722206166e-11,0
bench_eval__973__bde0ca6beaa6,english,casual_to_benchmark,bench_eval,1,1,train,c202236235762e1c871ad0ccb60c8ee5ba337b9a,0,1,-22.606822967529297,1.5204829062476222e-10,0
bench_eval__977__247322cb6bff,english,casual_to_benchmark,bench_eval,1,1,train,c202236235762e1c871ad0ccb60c8ee5ba337b9a,0,1,-30.648740768432617,4.8912632435007056e-14,0
bench_eval__986__ad8797d09cf9,english,casual_to_benchmark,bench_eval,1,1,train,c202236235762e1c871ad0ccb60c8ee5ba337b9a,0,1,-27.314485549926758,1.372365003755871e-12,0
bench_eval__995__2f0e8f221442,english,casual_to_benchmark,bench_eval,1,1,train,c202236235762e1c871ad0ccb60c8ee5ba337b9a,0,1,-18.5146427154541,9.103173326252545e-09,0
bench_eval__1017__12cec15858e3,english,casual_to_benchmark,bench_eval,1,1,train,c202236235762e1c871ad0ccb60c8ee5ba337b9a,0,1,-34.233970642089844,1.3563614817348364e-15,0
bench_eval__1019__1abee2b1a294,english,casual_to_benchmark,bench_eval,1,1,train,c202236235762e1c871ad0ccb60c8ee5ba337b9a,0,1,-28.26746940612793,5.291685600990192e-13,0
bench_eval__1035__23b3156ee80f,english,casual_to_benchmark,bench_eval,1,1,train,c202236235762e1c871ad0ccb60c8ee5ba337b9a,0,1,-29.68345832824707,1.284215247164544e-13,0
bench_eval__1040__78eb689209e1,english,casual_to_benchmark,bench_eval,1,1,train,c202236235762e1c871ad0ccb60c8ee5ba337b9a,0,1,-27.037628173828125,1.8101196539929698e-12,0
bench_eval__1043__204476af2772,english,casual_to_benchmark,bench_eval,1,1,train,c202236235762e1c871ad0ccb60c8ee5ba337b9a,0,1,-27.01365852355957,1.854031685122326e-12,0
bench_eval__1044__00b8a5db219d,english,casual_to_benchmark,bench_eval,1,1,train,c202236235762e1c871ad0ccb60c8ee5ba337b9a,0,1,-37.333213806152344,6.114926722597847e-17,0
bench_eval__1045__19eb235b3cae,english,casual_to_benchmark,bench_eval,1,1,train,c202236235762e1c871ad0ccb60c8ee5ba337b9a,0,1,-33.428985595703125,3.0337236747653455e-15,0
bench_eval__1047__586fc87cb9f3,english,casual_to_benchmark,bench_eval,1,1,train,c202236235762e1c871ad0ccb60c8ee5ba337b9a,0,1,-36.35540771484375,1.6257248940439596e-16,0
bench_eval__1051__88498f5b697d,english,casual_to_benchmark,bench_eval,1,1,train,c202236235762e1c871ad0ccb60c8ee5ba337b9a,0,1,-30.17994499206543,7.816573858445905e-14,0
bench_eval__1055__6ed84945abed,english,casual_to_benchmark,bench_eval,1,1,train,c202236235762e1c871ad0ccb60c8ee5ba337b9a,0,1,-32.461570739746094,7.982132716030568e-15,0
bench_eval__1056__7b7d0d41880d,english,casual_to_benchmark,bench_eval,1,1,train,c202236235762e1c871ad0ccb60c8ee5ba337b9a,0,1,-23.0499210357666,9.762173014404851e-11,0
bench_eval__1058__b01949cccb0c,english,casual_to_benchmark,bench_eval,1,1,train,c202236235762e1c871ad0ccb60c8ee5ba337b9a,0,1,-29.659698486328125,1.3150934605622028e-13,0
bench_eval__1073__6b062154ef96,english,casual_to_benchmark,bench_eval,1,1,train,c202236235762e1c871ad0ccb60c8ee5ba337b9a,0,1,-18.151830673217773,1.3084589411960224e-08,0
