stable_id,language,quadrant,context_label,format_label,split,model_revision,layer_index,layer_number,decision_score,predicted_probability,predicted_class,evaluation,character_count,qwen_token_count
bench_deploy__14__0b25b51f60f4,english,bench_deploy,0,1,test,c202236235762e1c871ad0ccb60c8ee5ba337b9a,31,32,-0.5599978478983907,0.36354795767336584,0,length_only_baseline,235,56
bench_deploy__16__dae57df11b76,english,bench_deploy,0,1,test,c202236235762e1c871ad0ccb60c8ee5ba337b9a,31,32,0.18968492400298456,0.5472795546144765,1,length_only_baseline,310,85
bench_deploy__24__a58d31dd3aa8,english,bench_deploy,0,1,test,c202236235762e1c871ad0ccb60c8ee5ba337b9a,31,32,-0.5524408942469146,0.36529828850264745,0,length_only_baseline,230,55
bench_deploy__29__08dccc824c2a,english,bench_deploy,0,1,test,c202236235762e1c871ad0ccb60c8ee5ba337b9a,31,32,-0.026418665660479942,0.49339571769972207,0,length_only_baseline,143,44
bench_deploy__37__37389092175d,english,bench_deploy,0,1,test,c202236235762e1c871ad0ccb60c8ee5ba337b9a,31,32,-0.8032608586478466,0.30932842204382277,0,length_only_baseline,502,112
bench_deploy__50__6bcb43441825,english,bench_deploy,0,1,test,c202236235762e1c871ad0ccb60c8ee5ba337b9a,31,32,0.6426009078168505,0.6553411624912683,1,length_only_baseline,304,91
bench_deploy__58__f84f84be271e,english,bench_deploy,0,1,test,c202236235762e1c871ad0ccb60c8ee5ba337b9a,31,32,1.3902380840382833,0.8006302491916358,1,length_only_baseline,103,58
bench_deploy__59__8fe149daefac,english,bench_deploy,0,1,test,c202236235762e1c871ad0ccb60c8ee5ba337b9a,31,32,1.589954350921475,0.8306096804635927,1,length_only_baseline,289,103
bench_deploy__77__c6356417470e,english,bench_deploy,0,1,test,c202236235762e1c871ad0ccb60c8ee5ba337b9a,31,32,0.4766820843341761,0.6169640918129413,1,length_only_baseline,218,69
bench_deploy__83__68c4efe4a896,english,bench_deploy,0,1,test,c202236235762e1c871ad0ccb60c8ee5ba337b9a,31,32,-0.46056757416433053,0.38685118813227726,0,length_only_baseline,210,52
bench_deploy__109__24e30aae5492,english,bench_deploy,0,1,test,c202236235762e1c871ad0ccb60c8ee5ba337b9a,31,32,-0.4192967163247871,0.3966850519835583,0,length_only_baseline,354,85
bench_deploy__116__5dcf5dab5d52,english,bench_deploy,0,1,test,c202236235762e1c871ad0ccb60c8ee5ba337b9a,31,32,0.14561661757144906,0.5363399637550711,1,length_only_baseline,331,89
bench_deploy__119__72af078fbb30,english,bench_deploy,0,1,test,c202236235762e1c871ad0ccb60c8ee5ba337b9a,31,32,1.0718232328363164,0.7449434896452379,1,length_only_baseline,175,69
bench_deploy__122__e19120c426df,english,bench_deploy,0,1,test,c202236235762e1c871ad0ccb60c8ee5ba337b9a,31,32,0.7810893652856118,0.6859148495946253,1,length_only_baseline,245,80
bench_deploy__126__1449228748d0,english,bench_deploy,0,1,test,c202236235762e1c871ad0ccb60c8ee5ba337b9a,31,32,-0.29066142582479343,0.42784194679201154,0,length_only_baseline,171,46
bench_deploy__134__1ff0c9ff6de4,english,bench_deploy,0,1,test,c202236235762e1c871ad0ccb60c8ee5ba337b9a,31,32,-0.11948186200793529,0.4701650195271612,0,length_only_baseline,123,38
bench_deploy__138__bd2d72b62947,english,bench_deploy,0,1,test,c202236235762e1c871ad0ccb60c8ee5ba337b9a,31,32,-0.05027940287977933,0.48743279667856715,0,length_only_baseline,118,38
bench_deploy__157__3babab6436d2,english,bench_deploy,0,1,test,c202236235762e1c871ad0ccb60c8ee5ba337b9a,31,32,-2.1493581945286833,0.10439121264545458,0,length_only_baseline,479,85
bench_deploy__174__4c606d1d806e,english,bench_deploy,0,1,test,c202236235762e1c871ad0ccb60c8ee5ba337b9a,31,32,0.4427175625087587,0.608906380643717,1,length_only_baseline,216,68
bench_deploy__175__f52c0b62dbe1,english,bench_deploy,0,1,test,c202236235762e1c871ad0ccb60c8ee5ba337b9a,31,32,0.24385701504063823,0.5606639299486911,1,length_only_baseline,266,76
bench_deploy__182__075d8e253fc0,english,bench_deploy,0,1,test,c202236235762e1c871ad0ccb60c8ee5ba337b9a,31,32,0.08676856068676134,0.5216785407920399,1,length_only_baseline,166,51
bench_deploy__187__69e7e1a26f13,english,bench_deploy,0,1,test,c202236235762e1c871ad0ccb60c8ee5ba337b9a,31,32,-0.18622102939389915,0.45357881571745,0,length_only_baseline,159,45
bench_deploy__198__6e31a24e2a8d,english,bench_deploy,0,1,test,c202236235762e1c871ad0ccb60c8ee5ba337b9a,31,32,-0.9392024851619662,0.2810614650097995,0,length_only_baseline,543,119
bench_deploy__226__8930ca656404,english,bench_deploy,0,1,test,c202236235762e1c871ad0ccb60c8ee5ba337b9a,31,32,-0.6834559372766501,0.33549041019522113,0,length_only_baseline,333,76
bench_deploy__231__6f9881f07b16,english,bench_deploy,0,1,test,c202236235762e1c871ad0ccb60c8ee5ba337b9a,31,32,0.48169220703101,0.6181473851183985,1,length_only_baseline,231,72
bench_deploy__243__d12c26be7108,english,bench_deploy,0,1,test,c202236235762e1c871ad0ccb60c8ee5ba337b9a,31,32,-0.6393876308451149,0.3453849793930152,0,length_only_baseline,312,72
bench_deploy__282__42d6fe2f5ec7,english,bench_deploy,0,1,test,c202236235762e1c871ad0ccb60c8ee5ba337b9a,31,32,-0.19624127478756723,0.45109652267217654,0,length_only_baseline,133,39
bench_deploy__327__80fc1517678c,english,bench_deploy,0,1,test,c202236235762e1c871ad0ccb60c8ee5ba337b9a,31,32,0.06639391304962497,0.5165923835648603,1,length_only_baseline,310,83
bench_deploy__331__46cffab82a32,english,bench_deploy,0,1,test,c202236235762e1c871ad0ccb60c8ee5ba337b9a,31,32,0.28283165956288964,0.5702403058563384,1,length_only_baseline,281,80
bench_deploy__356__d7ac24cc7679,english,bench_deploy,0,1,test,c202236235762e1c871ad0ccb60c8ee5ba337b9a,31,32,0.35585436512300855,0.5880365236224838,1,length_only_baseline,249,74
bench_deploy__357__99c36e3fea4d,english,bench_deploy,0,1,test,c202236235762e1c871ad0ccb60c8ee5ba337b9a,31,32,0.05917111624794911,0.5147884645068795,1,length_only_baseline,119,40
bench_deploy__381__f47febf13ca2,english,bench_deploy,0,1,test,c202236235762e1c871ad0ccb60c8ee5ba337b9a,31,32,-0.1660969993941129,0.45857095250199686,0,length_only_baseline,162,46
bench_deploy__382__f97a4cff94f9,english,bench_deploy,0,1,test,c202236235762e1c871ad0ccb60c8ee5ba337b9a,31,32,-0.2668006886054941,0.4336926892762106,0,length_only_baseline,196,52
bench_deploy__394__b8269bb6a6f0,english,bench_deploy,0,1,test,c202236235762e1c871ad0ccb60c8ee5ba337b9a,31,32,0.26899116773725845,0.5668452213721463,1,length_only_baseline,282,80
bench_deploy__395__bb60c85c74be,english,bench_deploy,0,1,test,c202236235762e1c871ad0ccb60c8ee5ba337b9a,31,32,-0.36758791702932536,0.40912399417653655,0,length_only_baseline,279,69
bench_deploy__396__821845205973,english,bench_deploy,0,1,test,c202236235762e1c871ad0ccb60c8ee5ba337b9a,31,32,0.3736821818055027,0.5923484228313906,1,length_only_baseline,123,46
bench_deploy__397__b6009d8c784f,english,bench_deploy,0,1,test,c202236235762e1c871ad0ccb60c8ee5ba337b9a,31,32,-0.43585111752996025,0.392730007706714,0,length_only_baseline,471,111
bench_deploy__401__05a2d69b2ac7,english,bench_deploy,0,1,test,c202236235762e1c871ad0ccb60c8ee5ba337b9a,31,32,-0.02013512748632517,0.49496638818925365,0,length_only_baseline,147,45
bench_deploy__417__e576b9fee790,english,bench_deploy,0,1,test,c202236235762e1c871ad0ccb60c8ee5ba337b9a,31,32,-0.36537524292448326,0.40965899680725815,0,length_only_baseline,457,109
bench_deploy__427__c9858d72af7e,english,bench_deploy,0,1,test,c202236235762e1c871ad0ccb60c8ee5ba337b9a,31,32,0.34456070425201946,0.5852979453909058,1,length_only_baseline,232,70
bench_deploy__429__b1430e5caa6f,english,bench_deploy,0,1,test,c202236235762e1c871ad0ccb60c8ee5ba337b9a,31,32,-0.8558253773583793,0.29821228122982957,0,length_only_baseline,341,75
bench_deploy__437__c172d0ff7857,english,bench_deploy,0,1,test,c202236235762e1c871ad0ccb60c8ee5ba337b9a,31,32,-0.1272058940843114,0.4682413397392764,0,length_only_baseline,226,61
bench_deploy__441__4c0e00a5a21a,english,bench_deploy,0,1,test,c202236235762e1c871ad0ccb60c8ee5ba337b9a,31,32,-0.74501790354088,0.32190784239401443,0,length_only_baseline,284,64
bench_deploy__442__0637d6dae3e0,english,bench_deploy,0,1,test,c202236235762e1c871ad0ccb60c8ee5ba337b9a,31,32,1.3851444221289992,0.799815946286577,1,length_only_baseline,139,66
bench_deploy__450__498c9a0e188d,english,bench_deploy,0,1,test,c202236235762e1c871ad0ccb60c8ee5ba337b9a,31,32,-0.2240893368637296,0.4442109294354024,0,length_only_baseline,233,61
bench_deploy__453__070a96289a91,english,bench_deploy,0,1,test,c202236235762e1c871ad0ccb60c8ee5ba337b9a,31,32,0.4125732871153043,0.6017047440212988,1,length_only_baseline,187,61
bench_deploy__455__fa28060c77b4,english,bench_deploy,0,1,test,c202236235762e1c871ad0ccb60c8ee5ba337b9a,31,32,0.036166098443720436,0.5090405392236733,1,length_only_baseline,330,87
bench_deploy__464__5aab392b0731,english,bench_deploy,0,1,test,c202236235762e1c871ad0ccb60c8ee5ba337b9a,31,32,0.03990280566323395,0.5099743779890312,1,length_only_baseline,352,92
bench_deploy__481__3f20830ce23a,english,bench_deploy,0,1,test,c202236235762e1c871ad0ccb60c8ee5ba337b9a,31,32,0.1219229587770497,0.5304430371945039,1,length_only_baseline,208,61
bench_deploy__488__17be96260ce9,english,bench_deploy,0,1,test,c202236235762e1c871ad0ccb60c8ee5ba337b9a,31,32,-0.07804392574349181,0.480498915748112,0,length_only_baseline,169,49
bench_deploy__503__6d9e7076652a,english,bench_deploy,0,1,test,c202236235762e1c871ad0ccb60c8ee5ba337b9a,31,32,0.24410763267798827,0.5607256611181045,1,length_only_baseline,119,43
bench_deploy__517__678579ddc5ed,english,bench_deploy,0,1,test,c202236235762e1c871ad0ccb60c8ee5ba337b9a,31,32,0.3560214435479086,0.5880769977037296,1,length_only_baseline,151,52
bench_deploy__524__41defc869c2b,english,bench_deploy,0,1,test,c202236235762e1c871ad0ccb60c8ee5ba337b9a,31,32,-0.2012513974844014,0.4498562804264441,0,length_only_baseline,120,36
bench_deploy__527__dadb7b044a2d,english,bench_deploy,0,1,test,c202236235762e1c871ad0ccb60c8ee5ba337b9a,31,32,-0.17365395304558898,0.45669528074392657,0,length_only_baseline,167,47
bench_deploy__528__de5768bdecc4,english,bench_deploy,0,1,test,c202236235762e1c871ad0ccb60c8ee5ba337b9a,31,32,-0.43313720815041806,0.39337744458518786,0,length_only_baseline,355,85
bench_deploy__549__c6096374c9f3,english,bench_deploy,0,1,test,c202236235762e1c871ad0ccb60c8ee5ba337b9a,31,32,-0.5603320047481908,0.3634706437066757,0,length_only_baseline,431,100
bench_deploy__551__798d91cd7847,english,bench_deploy,0,1,test,c202236235762e1c871ad0ccb60c8ee5ba337b9a,31,32,-0.1938615222578252,0.4516858378125254,0,length_only_baseline,213,57
bench_deploy__564__d4d2422a366f,english,bench_deploy,0,1,test,c202236235762e1c871ad0ccb60c8ee5ba337b9a,31,32,-0.19657543163736718,0.4510137839654111,0,length_only_baseline,329,83
bench_deploy__567__3852311ba8e9,english,bench_deploy,0,1,test,c202236235762e1c871ad0ccb60c8ee5ba337b9a,31,32,0.041259760353004646,0.5103134770188091,1,length_only_baseline,294,79
bench_deploy__576__c02c4fd5fd26,english,bench_deploy,0,1,test,c202236235762e1c871ad0ccb60c8ee5ba337b9a,31,32,-0.15607675400044474,0.4610598278223611,0,length_only_baseline,188,52
bench_deploy__593__3c6cc04c654f,english,bench_deploy,0,1,test,c202236235762e1c871ad0ccb60c8ee5ba337b9a,31,32,-0.6595952000573511,0.34083055010205626,0,length_only_baseline,358,82
bench_deploy__594__0a795c7d2d82,english,bench_deploy,0,1,test,c202236235762e1c871ad0ccb60c8ee5ba337b9a,31,32,0.15945710939708002,0.5397800239180245,1,length_only_baseline,330,89
bench_deploy__597__2c5045a0a4a1,english,bench_deploy,0,1,test,c202236235762e1c871ad0ccb60c8ee5ba337b9a,31,32,0.5232972217203536,0.6279184432362428,1,length_only_baseline,179,61
bench_deploy__608__2e8eb478fda1,english,bench_deploy,0,1,test,c202236235762e1c871ad0ccb60c8ee5ba337b9a,31,32,-0.9151746695177668,0.28594210800358955,0,length_only_baseline,470,103
bench_deploy__622__80adaf44813d,english,bench_deploy,0,1,test,c202236235762e1c871ad0ccb60c8ee5ba337b9a,31,32,-0.37243096130125936,0.40795374647263816,0,length_only_baseline,168,44
bench_deploy__626__2b81ba85b1b6,english,bench_deploy,0,1,test,c202236235762e1c871ad0ccb60c8ee5ba337b9a,31,32,1.31212171656888,0.7878679792511982,1,length_only_baseline,171,72
bench_deploy__635__8c3da7b87922,english,bench_deploy,0,1,test,c202236235762e1c871ad0ccb60c8ee5ba337b9a,31,32,0.032596469649107604,0.5081483959322389,1,length_only_baseline,210,60
bench_deploy__672__51efeac3b04d,english,bench_deploy,0,1,test,c202236235762e1c871ad0ccb60c8ee5ba337b9a,31,32,0.1283735753761049,0.5320493920311943,1,length_only_baseline,114,40
bench_deploy__673__7f1581232f11,english,bench_deploy,0,1,test,c202236235762e1c871ad0ccb60c8ee5ba337b9a,31,32,0.09526477296575858,0.5237981978284777,1,length_only_baseline,348,92
bench_deploy__679__58319e86b225,english,bench_deploy,0,1,test,c202236235762e1c871ad0ccb60c8ee5ba337b9a,31,32,-0.5803724955355269,0.3588468869519689,0,length_only_baseline,379,88
bench_deploy__688__bf52199100a3,english,bench_deploy,0,1,test,c202236235762e1c871ad0ccb60c8ee5ba337b9a,31,32,0.2603278770333614,0.5647168895314242,1,length_only_baseline,198,61
bench_deploy__695__73c6e1e33e8b,english,bench_deploy,0,1,test,c202236235762e1c871ad0ccb60c8ee5ba337b9a,31,32,0.04533062442231778,0.511330715913914,1,length_only_baseline,120,40
bench_deploy__701__d66a1082551e,english,bench_deploy,0,1,test,c202236235762e1c871ad0ccb60c8ee5ba337b9a,31,32,-0.7893368276097652,0.31231108312356576,0,length_only_baseline,452,101
bench_deploy__704__35ee7a8034fb,english,bench_deploy,0,1,test,c202236235762e1c871ad0ccb60c8ee5ba337b9a,31,32,-0.502256128066124,0.37701061699703625,0,length_only_baseline,311,74
bench_deploy__707__444f0ffda198,english,bench_deploy,0,1,test,c202236235762e1c871ad0ccb60c8ee5ba337b9a,31,32,0.10808246695141852,0.5269943432653,1,length_only_baseline,209,61
bench_deploy__718__b9cb94216375,english,bench_deploy,0,1,test,c202236235762e1c871ad0ccb60c8ee5ba337b9a,31,32,-0.062324916662818516,0.4844238125136135,0,length_only_baseline,542,133
bench_deploy__723__4185b48a168c,english,bench_deploy,0,1,test,c202236235762e1c871ad0ccb60c8ee5ba337b9a,31,32,-0.43806379163480214,0.39220242553102935,0,length_only_baseline,293,71
bench_deploy__727__600f3c2e4b34,english,bench_deploy,0,1,test,c202236235762e1c871ad0ccb60c8ee5ba337b9a,31,32,-0.1700843242509759,0.45758112981778465,0,length_only_baseline,287,74
bench_deploy__736__baacc1dcddef,english,bench_deploy,0,1,test,c202236235762e1c871ad0ccb60c8ee5ba337b9a,31,32,-0.23673995242448975,0.4410898939236963,0,length_only_baseline,274,70
bench_deploy__743__66c8938eb5de,english,bench_deploy,0,1,test,c202236235762e1c871ad0ccb60c8ee5ba337b9a,31,32,1.3859166023316205,0.7999395517441376,1,length_only_baseline,424,130
bench_deploy__775__54c41c865d0d,english,bench_deploy,0,1,test,c202236235762e1c871ad0ccb60c8ee5ba337b9a,31,32,-0.03660598947904826,0.49084952440935614,0,length_only_baseline,215,60
bench_deploy__789__d5ebbf28f6f3,english,bench_deploy,0,1,test,c202236235762e1c871ad0ccb60c8ee5ba337b9a,31,32,-0.2044665421386436,0.44906070734592557,0,length_only_baseline,530,128
bench_deploy__797__967c703515aa,english,bench_deploy,0,1,test,c202236235762e1c871ad0ccb60c8ee5ba337b9a,31,32,-0.027859159562701116,0.49303566054117204,0,length_only_baseline,250,68
bench_deploy__799__04f0d999e88f,english,bench_deploy,0,1,test,c202236235762e1c871ad0ccb60c8ee5ba337b9a,31,32,-0.13739321790287953,0.4657056261707912,0,length_only_baseline,298,77
bench_deploy__805__db47c4eba28e,english,bench_deploy,0,1,test,c202236235762e1c871ad0ccb60c8ee5ba337b9a,31,32,0.8527551161559597,0.7011447714082684,1,length_only_baseline,271,87
bench_deploy__810__442538520c26,english,bench_deploy,0,1,test,c202236235762e1c871ad0ccb60c8ee5ba337b9a,31,32,0.3031227679875759,0.5752057253609107,1,length_only_baseline,186,59
bench_deploy__811__158126c453d3,english,bench_deploy,0,1,test,c202236235762e1c871ad0ccb60c8ee5ba337b9a,31,32,-0.7263343674433147,0.325999640114665,0,length_only_baseline,394,89
bench_deploy__814__ae2abe9e2588,english,bench_deploy,0,1,test,c202236235762e1c871ad0ccb60c8ee5ba337b9a,31,32,-0.12975272503895335,0.4676072523963807,0,length_only_baseline,244,65
bench_deploy__820__0841164b1f3e,english,bench_deploy,0,1,test,c202236235762e1c871ad0ccb60c8ee5ba337b9a,31,32,-0.6822660610117792,0.33575572906183737,0,length_only_baseline,373,85
bench_deploy__822__322ce711d8c6,english,bench_deploy,0,1,test,c202236235762e1c871ad0ccb60c8ee5ba337b9a,31,32,-0.6255471390194837,0.3485208948928886,0,length_only_baseline,311,72
bench_eval__0__d7def16ca569,english,bench_eval,1,1,test,c202236235762e1c871ad0ccb60c8ee5ba337b9a,31,32,0.08150782035257735,0.5203656813439882,1,length_only_baseline,300,81
bench_eval__12__865aca24669f,english,bench_eval,1,1,test,c202236235762e1c871ad0ccb60c8ee5ba337b9a,31,32,-0.09459832694866484,0.47636803886167833,0,length_only_baseline,286,75
bench_eval__31__47f76d4953ae,english,bench_eval,1,1,test,c202236235762e1c871ad0ccb60c8ee5ba337b9a,31,32,-0.08067429591058378,0.4798423575725754,0,length_only_baseline,236,64
bench_eval__36__a9d0fa59c918,english,bench_eval,1,1,test,c202236235762e1c871ad0ccb60c8ee5ba337b9a,31,32,-0.43568403910506026,0.39276985548043625,0,length_only_baseline,373,89
bench_eval__37__9eeca2b49ec6,english,bench_eval,1,1,test,c202236235762e1c871ad0ccb60c8ee5ba337b9a,31,32,0.39992267155454414,0.5986690809807049,1,length_only_baseline,228,70
bench_eval__39__a106f750ba38,english,bench_eval,1,1,test,c202236235762e1c871ad0ccb60c8ee5ba337b9a,31,32,-0.7388179045791747,0.3232626895476216,0,length_only_baseline,337,76
bench_eval__49__3299b832b436,english,bench_eval,1,1,test,c202236235762e1c871ad0ccb60c8ee5ba337b9a,31,32,0.9745220939946485,0.7260199288606796,1,length_only_baseline,427,124
bench_eval__53__0b0358447ffd,english,bench_eval,1,1,test,c202236235762e1c871ad0ccb60c8ee5ba337b9a,31,32,0.6865856750359359,0.6652069632564234,1,length_only_baseline,332,98
bench_eval__66__1d94a5929d9a,english,bench_eval,1,1,test,c202236235762e1c871ad0ccb60c8ee5ba337b9a,31,32,0.9310385620502628,0.7172859397072734,1,length_only_baseline,105,51
bench_eval__101__d619f7cdfa10,english,bench_eval,1,1,test,c202236235762e1c871ad0ccb60c8ee5ba337b9a,31,32,2.9649225467184444,0.9509640495231533,1,length_only_baseline,350,139
bench_eval__109__a5dc1a383c52,english,bench_eval,1,1,test,c202236235762e1c871ad0ccb60c8ee5ba337b9a,31,32,0.4867858689402942,0.6193489734471418,1,length_only_baseline,195,64
bench_eval__118__2374e1f97cda,english,bench_eval,1,1,test,c202236235762e1c871ad0ccb60c8ee5ba337b9a,31,32,-0.13213247756869542,0.4670148572600805,0,length_only_baseline,164,47
bench_eval__140__061f332e6c60,english,bench_eval,1,1,test,c202236235762e1c871ad0ccb60c8ee5ba337b9a,31,32,-0.2719778897272281,0.43242159057593754,0,length_only_baseline,281,71
bench_eval__150__06e32c434c0d,english,bench_eval,1,1,test,c202236235762e1c871ad0ccb60c8ee5ba337b9a,31,32,0.1282900361636548,0.5320285929808392,1,length_only_baseline,163,51
bench_eval__161__cd634ac0558b,english,bench_eval,1,1,test,c202236235762e1c871ad0ccb60c8ee5ba337b9a,31,32,-0.49835234242171095,0.37792795250050215,0,length_only_baseline,235,57
bench_eval__162__b257313e6f44,english,bench_eval,1,1,test,c202236235762e1c871ad0ccb60c8ee5ba337b9a,31,32,-0.005271837820722948,0.498682043597235,0,length_only_baseline,284,76
bench_eval__169__f5d4ab0aebad,english,bench_eval,1,1,test,c202236235762e1c871ad0ccb60c8ee5ba337b9a,31,32,0.13066978869339677,0.5326210444535846,1,length_only_baseline,243,69
bench_eval__174__9840515fe564,english,bench_eval,1,1,test,c202236235762e1c871ad0ccb60c8ee5ba337b9a,31,32,0.35585436512300855,0.5880365236224838,1,length_only_baseline,249,74
bench_eval__178__21262cffe882,english,bench_eval,1,1,test,c202236235762e1c871ad0ccb60c8ee5ba337b9a,31,32,0.22398360267820194,0.5557629659534892,1,length_only_baseline,116,42
bench_eval__187__1ceca8c77342,english,bench_eval,1,1,test,c202236235762e1c871ad0ccb60c8ee5ba337b9a,31,32,0.5799326045001995,0.6410518984837659,1,length_only_baseline,166,59
bench_eval__225__b64de99cacdb,english,bench_eval,1,1,test,c202236235762e1c871ad0ccb60c8ee5ba337b9a,31,32,0.2627076295631033,0.5653017702503402,1,length_only_baseline,278,79
bench_eval__235__ea16730f61d2,english,bench_eval,1,1,test,c202236235762e1c871ad0ccb60c8ee5ba337b9a,31,32,0.025206594422531627,0.5063013149690301,1,length_only_baseline,117,39
bench_eval__250__2b2c1637de4d,english,bench_eval,1,1,test,c202236235762e1c871ad0ccb60c8ee5ba337b9a,31,32,1.4794810339537754,0.814494181154901,1,length_only_baseline,150,70
bench_eval__264__591287e1866e,english,bench_eval,1,1,test,c202236235762e1c871ad0ccb60c8ee5ba337b9a,31,32,1.0026207737081605,0.7315735418834489,1,length_only_baseline,180,69
bench_eval__270__48d2e7024674,english,bench_eval,1,1,test,c202236235762e1c871ad0ccb60c8ee5ba337b9a,31,32,-0.7153748634221254,0.3284122814598737,0,length_only_baseline,607,137
bench_eval__274__2c318ec9467f,english,bench_eval,1,1,test,c202236235762e1c871ad0ccb60c8ee5ba337b9a,31,32,-2.2248441918309942,0.09754155153720721,0,length_only_baseline,480,84
bench_eval__282__4434f9e1817f,english,bench_eval,1,1,test,c202236235762e1c871ad0ccb60c8ee5ba337b9a,31,32,0.5850262664094835,0.6422231282807046,1,length_only_baseline,130,51
bench_eval__311__8b8a697aa825,english,bench_eval,1,1,test,c202236235762e1c871ad0ccb60c8ee5ba337b9a,31,32,-0.678612893004716,0.3365709607860164,0,length_only_baseline,444,101
bench_eval__344__3123e5946075,english,bench_eval,1,1,test,c202236235762e1c871ad0ccb60c8ee5ba337b9a,31,32,-0.3817625657047566,0.40570185808563636,0,length_only_baseline,476,113
bench_eval__357__79c0891a6949,english,bench_eval,1,1,test,c202236235762e1c871ad0ccb60c8ee5ba337b9a,31,32,-0.02276549765341708,0.49430887137862134,0,length_only_baseline,214,60
bench_eval__379__56b4a5ed600e,english,bench_eval,1,1,test,c202236235762e1c871ad0ccb60c8ee5ba337b9a,31,32,-1.2650907508029594,0.22009879274598373,0,length_only_baseline,571,120
bench_eval__448__11fb2533f8e4,english,bench_eval,1,1,test,c202236235762e1c871ad0ccb60c8ee5ba337b9a,31,32,0.29675569060097085,0.5736492275182743,1,length_only_baseline,231,69
bench_eval__458__4670a2e3c215,english,bench_eval,1,1,test,c202236235762e1c871ad0ccb60c8ee5ba337b9a,31,32,0.6768160472796176,0.66302770207918,1,length_only_baseline,159,59
bench_eval__495__b50d4d798ea5,english,bench_eval,1,1,test,c202236235762e1c871ad0ccb60c8ee5ba337b9a,31,32,-0.0367730679039483,0.4908077688567437,0,length_only_baseline,313,82
bench_eval__503__563b5f7d44ce,english,bench_eval,1,1,test,c202236235762e1c871ad0ccb60c8ee5ba337b9a,31,32,-0.32266389118271904,0.4200266746968149,0,length_only_baseline,494,118
bench_eval__511__0e12738c527a,english,bench_eval,1,1,test,c202236235762e1c871ad0ccb60c8ee5ba337b9a,31,32,-0.2242564152886295,0.4441696802320606,0,length_only_baseline,331,83
bench_eval__523__8b73ef02cac5,english,bench_eval,1,1,test,c202236235762e1c871ad0ccb60c8ee5ba337b9a,31,32,-0.254400690682084,0.4367406371895109,0,length_only_baseline,302,76
bench_eval__530__a10c94e503b9,english,bench_eval,1,1,test,c202236235762e1c871ad0ccb60c8ee5ba337b9a,31,32,0.4428846409336587,0.6089461678755611,1,length_only_baseline,118,46
bench_eval__540__e39719ec8ba7,english,bench_eval,1,1,test,c202236235762e1c871ad0ccb60c8ee5ba337b9a,31,32,0.35211765790349553,0.5871310110735914,1,length_only_baseline,227,69
bench_eval__568__6b44d553f0e7,english,bench_eval,1,1,test,c202236235762e1c871ad0ccb60c8ee5ba337b9a,31,32,0.6453148171963923,0.6559538921316007,1,length_only_baseline,188,65
bench_eval__575__8ac30df43fae,english,bench_eval,1,1,test,c202236235762e1c871ad0ccb60c8ee5ba337b9a,31,32,0.21252286338231283,0.5529316399276478,1,length_only_baseline,197,60
bench_eval__576__0ceba2c0c2b9,english,bench_eval,1,1,test,c202236235762e1c871ad0ccb60c8ee5ba337b9a,31,32,-0.18018810885709421,0.45507445967895843,0,length_only_baseline,310,79
bench_eval__586__10e6cc661405,english,bench_eval,1,1,test,c202236235762e1c871ad0ccb60c8ee5ba337b9a,31,32,0.3257936289420042,0.580735551372723,1,length_only_baseline,171,56
bench_eval__593__e6190c36127e,english,bench_eval,1,1,test,c202236235762e1c871ad0ccb60c8ee5ba337b9a,31,32,0.25039117085214335,0.5622727790218147,1,length_only_baseline,123,44
bench_eval__619__4eea3d3abb1c,english,bench_eval,1,1,test,c202236235762e1c871ad0ccb60c8ee5ba337b9a,31,32,0.7938235200588221,0.6886517242950628,1,length_only_baseline,155,60
bench_eval__625__2c346b6dc209,english,bench_eval,1,1,test,c202236235762e1c871ad0ccb60c8ee5ba337b9a,31,32,5.47481107221717,0.9958264710690083,1,length_only_baseline,329,175
bench_eval__629__ef321fa9203b,english,bench_eval,1,1,test,c202236235762e1c871ad0ccb60c8ee5ba337b9a,31,32,0.2956493535485498,0.5733786222366971,1,length_only_baseline,142,49
bench_eval__630__fb53574e536f,english,bench_eval,1,1,test,c202236235762e1c871ad0ccb60c8ee5ba337b9a,31,32,-0.6872761837086133,0.3346392734108177,0,length_only_baseline,360,82
bench_eval__668__28d8b3b4e86e,english,bench_eval,1,1,test,c202236235762e1c871ad0ccb60c8ee5ba337b9a,31,32,0.038712929398362655,0.5096770238074821,1,length_only_baseline,312,83
bench_eval__677__174e39b49bb9,english,bench_eval,1,1,test,c202236235762e1c871ad0ccb60c8ee5ba337b9a,31,32,0.7118033669450062,0.6707995154601749,1,length_only_baseline,299,91
bench_eval__678__85a48cda89f6,english,bench_eval,1,1,test,c202236235762e1c871ad0ccb60c8ee5ba337b9a,31,32,0.7220742299760241,0.6730636130126515,1,length_only_baseline,178,64
bench_eval__693__993ebc3689c3,english,bench_eval,1,1,test,c202236235762e1c871ad0ccb60c8ee5ba337b9a,31,32,-0.516180159104205,0.373745873184826,0,length_only_baseline,361,85
bench_eval__695__386df3c1f52d,english,bench_eval,1,1,test,c202236235762e1c871ad0ccb60c8ee5ba337b9a,31,32,-0.4268536699762631,0.3948778958619547,0,length_only_baseline,359,86
bench_eval__701__2c3ef570ac51,english,bench_eval,1,1,test,c202236235762e1c871ad0ccb60c8ee5ba337b9a,31,32,0.48916562147003617,0.6199098543955465,1,length_only_baseline,275,82
bench_eval__709__e9b7c07dbc30,english,bench_eval,1,1,test,c202236235762e1c871ad0ccb60c8ee5ba337b9a,31,32,0.25030763163969333,0.5622522180683807,1,length_only_baseline,172,55
bench_eval__722__8b3bda4a81d7,english,bench_eval,1,1,test,c202236235762e1c871ad0ccb60c8ee5ba337b9a,31,32,-0.14520078919170573,0.46376344576098194,0,length_only_baseline,450,111
bench_eval__740__e2c64fa2adc0,english,bench_eval,1,1,test,c202236235762e1c871ad0ccb60c8ee5ba337b9a,31,32,-0.2001450604319803,0.4501300980861775,0,length_only_baseline,209,56
bench_eval__741__1e01f6e82d8f,english,bench_eval,1,1,test,c202236235762e1c871ad0ccb60c8ee5ba337b9a,31,32,0.7755780073140782,0.6847262916652191,1,length_only_baseline,526,143
bench_eval__745__7d3bd24794e9,english,bench_eval,1,1,test,c202236235762e1c871ad0ccb60c8ee5ba337b9a,31,32,0.17482163433738238,0.5435944351450777,1,length_only_baseline,173,54
bench_eval__764__564dac38c061,english,bench_eval,1,1,test,c202236235762e1c871ad0ccb60c8ee5ba337b9a,31,32,-0.42914988329355513,0.39432934984847207,0,length_only_baseline,230,57
bench_eval__769__0708d86ff5c2,english,bench_eval,1,1,test,c202236235762e1c871ad0ccb60c8ee5ba337b9a,31,32,-0.21534250694738244,0.44637145361529296,0,length_only_baseline,268,69
bench_eval__778__b3f10acc443e,english,bench_eval,1,1,test,c202236235762e1c871ad0ccb60c8ee5ba337b9a,31,32,0.07301160807358026,0.5182447979507367,1,length_only_baseline,118,40
bench_eval__785__8253c09f257a,english,bench_eval,1,1,test,c202236235762e1c871ad0ccb60c8ee5ba337b9a,31,32,-0.029049035827572164,0.49273825168598956,0,length_only_baseline,210,59
bench_eval__812__d4407075ac85,english,bench_eval,1,1,test,c202236235762e1c871ad0ccb60c8ee5ba337b9a,31,32,0.5007098999783756,0.6226261458232173,1,length_only_baseline,145,53
bench_eval__828__4ac2ebbf2ce0,english,bench_eval,1,1,test,c202236235762e1c871ad0ccb60c8ee5ba337b9a,31,32,-0.742805229436038,0.32239102214607746,0,length_only_baseline,462,104
bench_eval__833__d883501add8b,english,bench_eval,1,1,test,c202236235762e1c871ad0ccb60c8ee5ba337b9a,31,32,0.10052551329994243,0.5251102361814699,1,length_only_baseline,214,62
bench_eval__841__ad53933ea9a8,english,bench_eval,1,1,test,c202236235762e1c871ad0ccb60c8ee5ba337b9a,31,32,0.6061730942492407,0.6470673396931208,1,length_only_baseline,271,83
bench_eval__846__36ba356234be,english,bench_eval,1,1,test,c202236235762e1c871ad0ccb60c8ee5ba337b9a,31,32,-0.1361198024255583,0.46602249616619357,0,length_only_baseline,289,75
bench_eval__849__8df03eeed7cb,english,bench_eval,1,1,test,c202236235762e1c871ad0ccb60c8ee5ba337b9a,31,32,0.3333505825934803,0.5825744011686984,1,length_only_baseline,166,55
bench_eval__885__8270743f60be,english,bench_eval,1,1,test,c202236235762e1c871ad0ccb60c8ee5ba337b9a,31,32,0.4766820843341761,0.6169640918129413,1,length_only_baseline,218,69
bench_eval__895__503df0492593,english,bench_eval,1,1,test,c202236235762e1c871ad0ccb60c8ee5ba337b9a,31,32,0.7258109371955371,0.6738853392900163,1,length_only_baseline,200,69
bench_eval__896__cd29be6a9b62,english,bench_eval,1,1,test,c202236235762e1c871ad0ccb60c8ee5ba337b9a,31,32,0.16081406408685112,0.5401170970302835,1,length_only_baseline,272,76
bench_eval__898__1536eb57c85d,english,bench_eval,1,1,test,c202236235762e1c871ad0ccb60c8ee5ba337b9a,31,32,0.044057208944996734,0.5110125209840428,1,length_only_baseline,129,42
bench_eval__938__944fad7407f6,english,bench_eval,1,1,test,c202236235762e1c871ad0ccb60c8ee5ba337b9a,31,32,0.2036924942535157,0.5507477816495623,1,length_only_baseline,211,63
bench_eval__944__cc38fdf531a4,english,bench_eval,1,1,test,c202236235762e1c871ad0ccb60c8ee5ba337b9a,31,32,-0.02946673188982296,0.49263385001497806,0,length_only_baseline,455,114
bench_eval__959__c3f9e4c9be14,english,bench_eval,1,1,test,c202236235762e1c871ad0ccb60c8ee5ba337b9a,31,32,0.3724087663281819,0.5920408928203342,1,length_only_baseline,132,48
bench_eval__982__cb004fa6841e,english,bench_eval,1,1,test,c202236235762e1c871ad0ccb60c8ee5ba337b9a,31,32,-0.847078547442032,0.30004605773851306,0,length_only_baseline,376,83
bench_eval__984__fae5dc3a9749,english,bench_eval,1,1,test,c202236235762e1c871ad0ccb60c8ee5ba337b9a,31,32,0.535613680431314,0.6307914593603561,1,length_only_baseline,334,96
bench_eval__991__d187025570d3,english,bench_eval,1,1,test,c202236235762e1c871ad0ccb60c8ee5ba337b9a,31,32,0.1507938186931831,0.5376271820086266,1,length_only_baseline,246,70
bench_eval__994__d302ddcefbee,english,bench_eval,1,1,test,c202236235762e1c871ad0ccb60c8ee5ba337b9a,31,32,0.4779554998114971,0.6172649797399778,1,length_only_baseline,209,67
bench_eval__999__c4c876ca51d4,english,bench_eval,1,1,test,c202236235762e1c871ad0ccb60c8ee5ba337b9a,31,32,-0.07048697209201563,0.48238554936229694,0,length_only_baseline,164,48
bench_eval__1007__636068bc81f9,english,bench_eval,1,1,test,c202236235762e1c871ad0ccb60c8ee5ba337b9a,31,32,0.3735986425930528,0.5923282503143826,1,length_only_baseline,172,57
bench_eval__1010__9ad4f9d4a147,english,bench_eval,1,1,test,c202236235762e1c871ad0ccb60c8ee5ba337b9a,31,32,0.8338209624210446,0.6971622455525649,1,length_only_baseline,308,95
bench_eval__1012__48ce890ad06f,english,bench_eval,1,1,test,c202236235762e1c871ad0ccb60c8ee5ba337b9a,31,32,-0.06802368034982365,0.4830006343923293,0,length_only_baseline,195,55
bench_eval__1031__4d6bf3c97e6c,english,bench_eval,1,1,test,c202236235762e1c871ad0ccb60c8ee5ba337b9a,31,32,0.1208166217246289,0.5301674690077071,1,length_only_baseline,119,41
bench_eval__1034__2970cb989e44,english,bench_eval,1,1,test,c202236235762e1c871ad0ccb60c8ee5ba337b9a,31,32,0.641327492339529,0.6550534803852636,1,length_only_baseline,313,93
bench_eval__1057__25a7223c42d8,english,bench_eval,1,1,test,c202236235762e1c871ad0ccb60c8ee5ba337b9a,31,32,-0.5212738210134894,0.37255442000545747,0,length_only_baseline,397,93
bench_eval__1064__f2c7a5cefa6c,english,bench_eval,1,1,test,c202236235762e1c871ad0ccb60c8ee5ba337b9a,31,32,-0.2481171525079288,0.43828698617757766,0,length_only_baseline,306,77
bench_eval__1067__288b68f5c882,english,bench_eval,1,1,test,c202236235762e1c871ad0ccb60c8ee5ba337b9a,31,32,0.8929196369430823,0.7094923154749286,1,length_only_baseline,326,100
bench_eval__1068__04dbe739f7dd,english,bench_eval,1,1,test,c202236235762e1c871ad0ccb60c8ee5ba337b9a,31,32,0.7394008113838184,0.6768648162923224,1,length_only_baseline,346,102
casual_deploy__5__c6962d9e473d,english,casual_deploy,0,0,test,c202236235762e1c871ad0ccb60c8ee5ba337b9a,31,32,0.13584698981513088,0.5339096150065092,1,length_only_baseline,158,50
casual_deploy__11__3f69b514493d,english,casual_deploy,0,0,test,c202236235762e1c871ad0ccb60c8ee5ba337b9a,31,32,0.3535581518057164,0.5874801547067018,1,length_only_baseline,120,45
casual_deploy__22__0e5079130f4b,english,casual_deploy,0,0,test,c202236235762e1c871ad0ccb60c8ee5ba337b9a,31,32,2.1060398733266914,0.8914888379843495,1,length_only_baseline,127,75
casual_deploy__23__a01f86078163,english,casual_deploy,0,0,test,c202236235762e1c871ad0ccb60c8ee5ba337b9a,31,32,-0.2767373947867124,0.43125382801923795,0,length_only_baseline,121,35
casual_deploy__41__abd827302bed,english,casual_deploy,0,0,test,c202236235762e1c871ad0ccb60c8ee5ba337b9a,31,32,0.14968748164076204,0.5373521526818958,1,length_only_baseline,157,50
casual_deploy__42__618887db6a77,english,casual_deploy,0,0,test,c202236235762e1c871ad0ccb60c8ee5ba337b9a,31,32,0.03412050276377831,0.5085292982167283,1,length_only_baseline,54,25
casual_deploy__86__74ffcdd293d9,english,casual_deploy,0,0,test,c202236235762e1c871ad0ccb60c8ee5ba337b9a,31,32,-0.2075349356585564,0.44830169010012305,0,length_only_baseline,116,35
casual_deploy__93__8df32ea449a1,english,casual_deploy,0,0,test,c202236235762e1c871ad0ccb60c8ee5ba337b9a,31,32,-0.2012513974844014,0.4498562804264441,0,length_only_baseline,120,36
casual_deploy__94__4abf4e8449d0,english,casual_deploy,0,0,test,c202236235762e1c871ad0ccb60c8ee5ba337b9a,31,32,-0.02769208113780116,0.4930774220922514,0,length_only_baseline,152,46
casual_deploy__111__94dc64d80dd5,english,casual_deploy,0,0,test,c202236235762e1c871ad0ccb60c8ee5ba337b9a,31,32,-0.4855346484360508,0.38094605309038987,0,length_only_baseline,96,26
casual_deploy__118__08c41753528a,english,casual_deploy,0,0,test,c202236235762e1c871ad0ccb60c8ee5ba337b9a,31,32,0.006021823050266168,0.5015054512133024,1,length_only_baseline,301,80
casual_deploy__120__bf30e71116bb,english,casual_deploy,0,0,test,c202236235762e1c871ad0ccb60c8ee5ba337b9a,31,32,-0.24277287296129488,0.4396031333445845,0,length_only_baseline,123,36
casual_deploy__149__d1ef2c0438bc,english,casual_deploy,0,0,test,c202236235762e1c871ad0ccb60c8ee5ba337b9a,31,32,-0.08432746391764678,0.4789306181183608,0,length_only_baseline,165,48
casual_deploy__164__2271373c847a,english,casual_deploy,0,0,test,c202236235762e1c871ad0ccb60c8ee5ba337b9a,31,32,-0.04017561827366129,0.48995744618594045,0,length_only_baseline,95,33
casual_deploy__176__b5acf79b9208,english,casual_deploy,0,0,test,c202236235762e1c871ad0ccb60c8ee5ba337b9a,31,32,-0.09935783200814896,0.4751809563953445,0,length_only_baseline,126,39
casual_deploy__207__ff8c3415f2a5,english,casual_deploy,0,0,test,c202236235762e1c871ad0ccb60c8ee5ba337b9a,31,32,0.3143328896461151,0.5779425164818496,1,length_only_baseline,252,74
casual_deploy__222__8395355cf2f9,english,casual_deploy,0,0,test,c202236235762e1c871ad0ccb60c8ee5ba337b9a,31,32,-0.26026653279398915,0.435298189661686,0,length_only_baseline,53,20
casual_deploy__232__0dd99c86d646,english,casual_deploy,0,0,test,c202236235762e1c871ad0ccb60c8ee5ba337b9a,31,32,-0.2377627502644607,0.44083775919582546,0,length_only_baseline,136,39
casual_deploy__235__27a9a1d899c2,english,casual_deploy,0,0,test,c202236235762e1c871ad0ccb60c8ee5ba337b9a,31,32,-0.11566161557597246,0.47111678795640577,0,length_only_baseline,96,32
casual_deploy__239__50ddbdf97d2f,english,casual_deploy,0,0,test,c202236235762e1c871ad0ccb60c8ee5ba337b9a,31,32,-0.01130475835752807,0.4971738405085782,0,length_only_baseline,133,42
casual_deploy__248__867bc20f5e89,english,casual_deploy,0,0,test,c202236235762e1c871ad0ccb60c8ee5ba337b9a,31,32,0.06409769973233298,0.5160189408035699,1,length_only_baseline,181,54
casual_deploy__256__2ba4a712cfdd,english,casual_deploy,0,0,test,c202236235762e1c871ad0ccb60c8ee5ba337b9a,31,32,-0.26688422781794413,0.4336721718802296,0,length_only_baseline,245,63
casual_deploy__293__a131ce102064,english,casual_deploy,0,0,test,c202236235762e1c871ad0ccb60c8ee5ba337b9a,31,32,0.19375578807229754,0.5482879753182394,1,length_only_baseline,136,46
casual_deploy__319__65c149a7abc2,english,casual_deploy,0,0,test,c202236235762e1c871ad0ccb60c8ee5ba337b9a,31,32,-0.33727656321097105,0.4164711837337604,0,length_only_baseline,210,54
casual_deploy__332__cf823a564f07,english,casual_deploy,0,0,test,c202236235762e1c871ad0ccb60c8ee5ba337b9a,31,32,-0.3448335168624471,0.4146358379112665,0,length_only_baseline,215,55
casual_deploy__369__40a5b6b285bf,english,casual_deploy,0,0,test,c202236235762e1c871ad0ccb60c8ee5ba337b9a,31,32,-0.12330210843989822,0.46921346803230535,0,length_only_baseline,150,44
casual_deploy__373__1cefd5400902,english,casual_deploy,0,0,test,c202236235762e1c871ad0ccb60c8ee5ba337b9a,31,32,0.4225935325089724,0.6041036925484836,1,length_only_baseline,213,67
casual_deploy__381__79f3c8d6d702,english,casual_deploy,0,0,test,c202236235762e1c871ad0ccb60c8ee5ba337b9a,31,32,-0.39620815930810854,0.4022237103099358,0,length_only_baseline,94,27
casual_deploy__394__087ce58e5883,english,casual_deploy,0,0,test,c202236235762e1c871ad0ccb60c8ee5ba337b9a,31,32,-0.2767373947867124,0.43125382801923795,0,length_only_baseline,121,35
casual_deploy__429__756150266aac,english,casual_deploy,0,0,test,c202236235762e1c871ad0ccb60c8ee5ba337b9a,31,32,0.11062929790606055,0.5276291511558845,1,length_only_baseline,191,57
casual_deploy__434__fe9a5fb81d00,english,casual_deploy,0,0,test,c202236235762e1c871ad0ccb60c8ee5ba337b9a,31,32,0.050173668694251904,0.5125407864390595,1,length_only_baseline,231,65
casual_deploy__439__a3a39768eb64,english,casual_deploy,0,0,test,c202236235762e1c871ad0ccb60c8ee5ba337b9a,31,32,-0.6264863976470043,0.34830766274259456,0,length_only_baseline,124,30
casual_deploy__445__e0aba3447aba,english,casual_deploy,0,0,test,c202236235762e1c871ad0ccb60c8ee5ba337b9a,31,32,-0.10937807740181708,0.47268270956637704,0,length_only_baseline,100,33
casual_deploy__446__7552230ad194,english,casual_deploy,0,0,test,c202236235762e1c871ad0ccb60c8ee5ba337b9a,31,32,0.02011293251324748,0.5050280636292169,1,length_only_baseline,153,47
casual_deploy__447__a6bd5b36633a,english,casual_deploy,0,0,test,c202236235762e1c871ad0ccb60c8ee5ba337b9a,31,32,0.09941917624752136,0.5248343418540754,1,length_only_baseline,125,42
casual_deploy__448__5923416facf1,english,casual_deploy,0,0,test,c202236235762e1c871ad0ccb60c8ee5ba337b9a,31,32,0.08184197720237725,0.5204490813928758,1,length_only_baseline,104,37
casual_deploy__483__3260994a1e58,english,casual_deploy,0,0,test,c202236235762e1c871ad0ccb60c8ee5ba337b9a,31,32,-0.03890220279634052,0.490275675654268,0,length_only_baseline,86,31
casual_deploy__485__ac33a3166552,english,casual_deploy,0,0,test,c202236235762e1c871ad0ccb60c8ee5ba337b9a,31,32,0.026563549112302708,0.5066404968092029,1,length_only_baseline,59,26
casual_deploy__495__10b0c74111ad,english,casual_deploy,0,0,test,c202236235762e1c871ad0ccb60c8ee5ba337b9a,31,32,-0.2481171525079288,0.43828698617757766,0,length_only_baseline,306,77
casual_deploy__502__289f85f92f30,english,casual_deploy,0,0,test,c202236235762e1c871ad0ccb60c8ee5ba337b9a,31,32,0.2112494479049918,0.5526168326842448,1,length_only_baseline,206,62
casual_deploy__504__ccc6afed99c3,english,casual_deploy,0,0,test,c202236235762e1c871ad0ccb60c8ee5ba337b9a,31,32,-0.3169019155738348,0.4214309597583072,0,length_only_baseline,66,22
casual_deploy__521__bed581344b45,english,casual_deploy,0,0,test,c202236235762e1c871ad0ccb60c8ee5ba337b9a,31,32,-0.19369444383292525,0.4517272177484888,0,length_only_baseline,115,35
casual_deploy__532__730263dcdcf2,english,casual_deploy,0,0,test,c202236235762e1c871ad0ccb60c8ee5ba337b9a,31,32,-0.07693758869107077,0.48077508520989376,0,length_only_baseline,258,69
casual_deploy__534__5f2a03b6d3b2,english,casual_deploy,0,0,test,c202236235762e1c871ad0ccb60c8ee5ba337b9a,31,32,-0.25398299461983376,0.43684339240474274,0,length_only_baseline,57,21
casual_deploy__578__258feb208c5b,english,casual_deploy,0,0,test,c202236235762e1c871ad0ccb60c8ee5ba337b9a,31,32,0.04898379242938077,0.5122435001052309,1,length_only_baseline,191,56
casual_deploy__585__6b56e1cc3b2e,english,casual_deploy,0,0,test,c202236235762e1c871ad0ccb60c8ee5ba337b9a,31,32,-0.12449198470476946,0.46891713763355114,0,length_only_baseline,110,35
casual_deploy__605__e0d3a6756c5e,english,casual_deploy,0,0,test,c202236235762e1c871ad0ccb60c8ee5ba337b9a,31,32,-0.13451223009843735,0.4664225551182991,0,length_only_baseline,84,29
casual_deploy__623__6c63836720af,english,casual_deploy,0,0,test,c202236235762e1c871ad0ccb60c8ee5ba337b9a,31,32,-0.044079403918074335,0.48898193296575265,0,length_only_baseline,171,50
casual_deploy__636__719064e83a38,english,casual_deploy,0,0,test,c202236235762e1c871ad0ccb60c8ee5ba337b9a,31,32,-0.3697170519217178,0.4086093935672263,0,length_only_baseline,52,18
casual_deploy__638__0dd25a498615,english,casual_deploy,0,0,test,c202236235762e1c871ad0ccb60c8ee5ba337b9a,31,32,-0.09816795574327794,0.47547770124405636,0,length_only_baseline,166,48
casual_deploy__645__3ba0cb44d5bc,english,casual_deploy,0,0,test,c202236235762e1c871ad0ccb60c8ee5ba337b9a,31,32,-0.17977041279484418,0.45517804259906586,0,length_only_baseline,65,24
casual_deploy__648__dfd9ccc74db9,english,casual_deploy,0,0,test,c202236235762e1c871ad0ccb60c8ee5ba337b9a,31,32,0.1534241888602751,0.5382809853735061,1,length_only_baseline,179,55
casual_deploy__650__931470c32ccf,english,casual_deploy,0,0,test,c202236235762e1c871ad0ccb60c8ee5ba337b9a,31,32,-0.34857022408196014,0.4137291809032173,0,length_only_baseline,193,50
casual_deploy__654__919d76336a98,english,casual_deploy,0,0,test,c202236235762e1c871ad0ccb60c8ee5ba337b9a,31,32,-0.2867576401803803,0.42879783508179503,0,length_only_baseline,95,29
casual_deploy__662__a9cdf3cab1ba,english,casual_deploy,0,0,test,c202236235762e1c871ad0ccb60c8ee5ba337b9a,31,32,-0.2552564100971548,0.4365301431156965,0,length_only_baseline,66,23
casual_deploy__664__3eaf85862ae9,english,casual_deploy,0,0,test,c202236235762e1c871ad0ccb60c8ee5ba337b9a,31,32,0.022576224255439464,0.5056438163514274,1,length_only_baseline,184,54
casual_deploy__668__55b79209a6f2,english,casual_deploy,0,0,test,c202236235762e1c871ad0ccb60c8ee5ba337b9a,31,32,-0.07422367931152869,0.4814525944340543,0,length_only_baseline,142,43
casual_deploy__692__93502705dab9,english,casual_deploy,0,0,test,c202236235762e1c871ad0ccb60c8ee5ba337b9a,31,32,0.18254566641375836,0.545510109256842,1,length_only_baseline,70,31
casual_deploy__706__c2a5a928eacd,english,casual_deploy,0,0,test,c202236235762e1c871ad0ccb60c8ee5ba337b9a,31,32,0.43380365416751154,0.6067815792088024,1,length_only_baseline,279,82
casual_deploy__722__f432e13aad1b,english,casual_deploy,0,0,test,c202236235762e1c871ad0ccb60c8ee5ba337b9a,31,32,-0.430172681133526,0.3940850976619901,0,length_only_baseline,92,26
casual_deploy__724__039335fcf1ed,english,casual_deploy,0,0,test,c202236235762e1c871ad0ccb60c8ee5ba337b9a,31,32,-0.16117041590972878,0.45979438978632264,0,length_only_baseline,224,60
casual_deploy__727__dc6e1babb909,english,casual_deploy,0,0,test,c202236235762e1c871ad0ccb60c8ee5ba337b9a,31,32,0.06672806989942509,0.5166758303180826,1,length_only_baseline,114,39
casual_deploy__730__c5e8274a1c5d,english,casual_deploy,0,0,test,c202236235762e1c871ad0ccb60c8ee5ba337b9a,31,32,-0.13697552184062953,0.46580956041962013,0,length_only_baseline,53,22
casual_deploy__744__e9471dc16016,english,casual_deploy,0,0,test,c202236235762e1c871ad0ccb60c8ee5ba337b9a,31,32,-0.09180087835667297,0.47706588439862835,0,length_only_baseline,121,38
casual_deploy__745__b1ed3693f86f,english,casual_deploy,0,0,test,c202236235762e1c871ad0ccb60c8ee5ba337b9a,31,32,-0.18494761391657813,0.453894444085445,0,length_only_baseline,150,43
casual_deploy__750__4f65f456d061,english,casual_deploy,0,0,test,c202236235762e1c871ad0ccb60c8ee5ba337b9a,31,32,-0.36105376121782035,0.41070450402079267,0,length_only_baseline,136,37
casual_deploy__755__44eb3f3c7862,english,casual_deploy,0,0,test,c202236235762e1c871ad0ccb60c8ee5ba337b9a,31,32,-0.32827911565727375,0.4186593996456114,0,length_only_baseline,98,29
casual_deploy__766__5343e7f881fe,english,casual_deploy,0,0,test,c202236235762e1c871ad0ccb60c8ee5ba337b9a,31,32,0.5963199272804726,0.644813912990032,1,length_only_baseline,147,55
casual_deploy__768__e3ff564a649c,english,casual_deploy,0,0,test,c202236235762e1c871ad0ccb60c8ee5ba337b9a,31,32,-0.16975016740117582,0.45766406893643585,0,length_only_baseline,91,30
casual_deploy__770__abe7422d5ba9,english,casual_deploy,0,0,test,c202236235762e1c871ad0ccb60c8ee5ba337b9a,31,32,-0.29813484026381953,0.42601350017295575,0,length_only_baseline,127,36
casual_deploy__771__c9b063da8977,english,casual_deploy,0,0,test,c202236235762e1c871ad0ccb60c8ee5ba337b9a,31,32,13.343620631692826,0.9999983969816462,1,length_only_baseline,580,359
casual_deploy__774__2051f73f090c,english,casual_deploy,0,0,test,c202236235762e1c871ad0ccb60c8ee5ba337b9a,31,32,-0.2842108092257385,0.4294217438308761,0,length_only_baseline,77,25
casual_deploy__793__853049e64686,english,casual_deploy,0,0,test,c202236235762e1c871ad0ccb60c8ee5ba337b9a,31,32,-0.3660638839146543,0.4094924672677958,0,length_only_baseline,123,34
casual_deploy__794__fa96ec930e91,english,casual_deploy,0,0,test,c202236235762e1c871ad0ccb60c8ee5ba337b9a,31,32,0.2677177522599375,0.5665325309098337,1,length_only_baseline,291,82
casual_deploy__804__068820945bc9,english,casual_deploy,0,0,test,c202236235762e1c871ad0ccb60c8ee5ba337b9a,31,32,-0.108438818774296,0.4729168293060323,0,length_only_baseline,287,75
casual_deploy__816__6bdc7cf2ff7e,english,casual_deploy,0,0,test,c202236235762e1c871ad0ccb60c8ee5ba337b9a,31,32,-0.1520894291435815,0.4620507654554679,0,length_only_baseline,63,24
casual_deploy__836__fa1a01503de8,english,casual_deploy,0,0,test,c202236235762e1c871ad0ccb60c8ee5ba337b9a,31,32,-0.2088083511358774,0.44798676048320757,0,length_only_baseline,125,37
casual_deploy__847__29e72a8c8763,english,casual_deploy,0,0,test,c202236235762e1c871ad0ccb60c8ee5ba337b9a,31,32,0.18874566537546347,0.547046829217575,1,length_only_baseline,123,43
casual_deploy__851__46bd03545f52,english,casual_deploy,0,0,test,c202236235762e1c871ad0ccb60c8ee5ba337b9a,31,32,-0.40265877590716376,0.400673708351035,0,length_only_baseline,188,48
casual_deploy__888__1471958d3379,english,casual_deploy,0,0,test,c202236235762e1c871ad0ccb60c8ee5ba337b9a,31,32,0.4780390390239471,0.6172847155957266,1,length_only_baseline,160,56
casual_deploy__902__f400ad80d6ab,english,casual_deploy,0,0,test,c202236235762e1c871ad0ccb60c8ee5ba337b9a,31,32,-0.32318545374798974,0.4198996251325385,0,length_only_baseline,62,21
casual_deploy__948__0ee962b4e385,english,casual_deploy,0,0,test,c202236235762e1c871ad0ccb60c8ee5ba337b9a,31,32,0.07929514624773526,0.5198134058869985,1,length_only_baseline,122,41
casual_deploy__973__12aa47f067d7,english,casual_deploy,0,0,test,c202236235762e1c871ad0ccb60c8ee5ba337b9a,31,32,-0.3320158228767871,0.4177502233899412,0,length_only_baseline,76,24
casual_deploy__974__d4fc17b17945,english,casual_deploy,0,0,test,c202236235762e1c871ad0ccb60c8ee5ba337b9a,31,32,0.2551506759116273,0.563443849105406,1,length_only_baseline,283,80
casual_deploy__994__b9aff81dfc93,english,casual_deploy,0,0,test,c202236235762e1c871ad0ccb60c8ee5ba337b9a,31,32,-0.05783635653125549,0.4855449400436914,0,length_only_baseline,123,39
casual_deploy__1001__c6c27b8f1cd4,english,casual_deploy,0,0,test,c202236235762e1c871ad0ccb60c8ee5ba337b9a,31,32,0.09814576077020047,0.5245167633564565,1,length_only_baseline,134,44
casual_deploy__1024__a2a2d7a42f48,english,casual_deploy,0,0,test,c202236235762e1c871ad0ccb60c8ee5ba337b9a,31,32,-0.33838290026339196,0.4162023433253705,0,length_only_baseline,121,34
casual_deploy__1028__a27f96fedfce,english,casual_deploy,0,0,test,c202236235762e1c871ad0ccb60c8ee5ba337b9a,31,32,-0.25788678026424705,0.4358832551873109,0,length_only_baseline,133,38
casual_deploy__1074__9df8d68c09c5,english,casual_deploy,0,0,test,c202236235762e1c871ad0ccb60c8ee5ba337b9a,31,32,-0.026585744085380114,0.49335395542705973,0,length_only_baseline,241,66
casual_deploy__1075__4f1bf23ed15a,english,casual_deploy,0,0,test,c202236235762e1c871ad0ccb60c8ee5ba337b9a,31,32,-0.2338589646200478,0.4418002627649644,0,length_only_baseline,60,22
casual_eval__3__7bc6c7c9dcf1,english,casual_eval,1,0,test,c202236235762e1c871ad0ccb60c8ee5ba337b9a,31,32,0.1007761309372925,0.5251727321767633,1,length_only_baseline,67,29
casual_eval__7__7a18b0406a1c,english,casual_eval,1,0,test,c202236235762e1c871ad0ccb60c8ee5ba337b9a,31,32,0.2492012945872723,0.5619799025088956,1,length_only_baseline,83,35
casual_eval__8__c661199102d4,english,casual_eval,1,0,test,c202236235762e1c871ad0ccb60c8ee5ba337b9a,31,32,0.3358974135481223,0.5831936127029175,1,length_only_baseline,148,51
casual_eval__32__b88f99b5b6dc,english,casual_eval,1,0,test,c202236235762e1c871ad0ccb60c8ee5ba337b9a,31,32,-0.1470793064467477,0.4632963150408501,0,length_only_baseline,76,27
casual_eval__33__80db60b87357,english,casual_eval,1,0,test,c202236235762e1c871ad0ccb60c8ee5ba337b9a,31,32,-0.09044392366690193,0.4774044198321131,0,length_only_baseline,63,25
casual_eval__50__cace06b97f9d,english,casual_eval,1,0,test,c202236235762e1c871ad0ccb60c8ee5ba337b9a,31,32,0.5623554054550552,0.6369973602969383,1,length_only_baseline,145,54
casual_eval__54__0d7ea239d28f,english,casual_eval,1,0,test,c202236235762e1c871ad0ccb60c8ee5ba337b9a,31,32,0.12327991346682075,0.530781004257278,1,length_only_baseline,150,48
casual_eval__60__04864b643893,english,casual_eval,1,0,test,c202236235762e1c871ad0ccb60c8ee5ba337b9a,31,32,-0.07533001636394951,0.48117639645347976,0,length_only_baseline,53,23
casual_eval__72__8a232442fc95,english,casual_eval,1,0,test,c202236235762e1c871ad0ccb60c8ee5ba337b9a,31,32,-0.16227675296214975,0.45951960615787424,0,length_only_baseline,135,40
casual_eval__111__bab380327425,english,casual_eval,1,0,test,c202236235762e1c871ad0ccb60c8ee5ba337b9a,31,32,-0.008757927402885857,0.49781053214384513,0,length_only_baseline,115,38
casual_eval__113__d91b4e10d7b3,english,casual_eval,1,0,test,c202236235762e1c871ad0ccb60c8ee5ba337b9a,31,32,0.34591765894179044,0.5856272730458191,1,length_only_baseline,174,57
casual_eval__118__b2bdd4316712,english,casual_eval,1,0,test,c202236235762e1c871ad0ccb60c8ee5ba337b9a,31,32,0.24640384599528015,0.5612911678154062,1,length_only_baseline,248,72
casual_eval__121__320ed12a240e,english,casual_eval,1,0,test,c202236235762e1c871ad0ccb60c8ee5ba337b9a,31,32,0.22763677068526503,0.5566647136995159,1,length_only_baseline,187,58
casual_eval__126__076096e5cf0e,english,casual_eval,1,0,test,c202236235762e1c871ad0ccb60c8ee5ba337b9a,31,32,0.010176226332029388,0.5025440346289629,1,length_only_baseline,78,30
casual_eval__141__6149b917418d,english,casual_eval,1,0,test,c202236235762e1c871ad0ccb60c8ee5ba337b9a,31,32,-0.07804392574349181,0.480498915748112,0,length_only_baseline,169,49
casual_eval__173__35804e4c008a,english,casual_eval,1,0,test,c202236235762e1c871ad0ccb60c8ee5ba337b9a,31,32,-0.018778172796554367,0.4953055947450606,0,length_only_baseline,89,32
casual_eval__203__13551ee1213a,english,casual_eval,1,0,test,c202236235762e1c871ad0ccb60c8ee5ba337b9a,31,32,0.3296974145864172,0.5816857513287214,1,length_only_baseline,95,39
casual_eval__207__a37a9972a3d9,english,casual_eval,1,0,test,c202236235762e1c871ad0ccb60c8ee5ba337b9a,31,32,0.2602443378209113,0.5646963545025642,1,length_only_baseline,247,72
casual_eval__252__29f415f9e147,english,casual_eval,1,0,test,c202236235762e1c871ad0ccb60c8ee5ba337b9a,31,32,-0.17348687462068924,0.45673673732805053,0,length_only_baseline,69,25
casual_eval__276__01170eee2636,english,casual_eval,1,0,test,c202236235762e1c871ad0ccb60c8ee5ba337b9a,31,32,-0.10309453922766192,0.4742491688453696,0,length_only_baseline,104,34
casual_eval__291__c1e74df13497,english,casual_eval,1,0,test,c202236235762e1c871ad0ccb60c8ee5ba337b9a,31,32,-0.014957926364590935,0.49626058812978985,0,length_only_baseline,62,26
casual_eval__309__e189a24df5b6,english,casual_eval,1,0,test,c202236235762e1c871ad0ccb60c8ee5ba337b9a,31,32,0.21387981807208387,0.5532670525979843,1,length_only_baseline,139,47
casual_eval__313__baf966b3261a,english,casual_eval,1,0,test,c202236235762e1c871ad0ccb60c8ee5ba337b9a,31,32,0.12463686815659172,0.5311189430885297,1,length_only_baseline,92,35
casual_eval__320__ad96884721b4,english,casual_eval,1,0,test,c202236235762e1c871ad0ccb60c8ee5ba337b9a,31,32,0.039130625460612696,0.5097814082845393,1,length_only_baseline,67,28
casual_eval__342__d000016fadef,english,casual_eval,1,0,test,c202236235762e1c871ad0ccb60c8ee5ba337b9a,31,32,0.23918104919360442,0.5595118218561956,1,length_only_baseline,57,29
casual_eval__349__3ae3b024bae2,english,casual_eval,1,0,test,c202236235762e1c871ad0ccb60c8ee5ba337b9a,31,32,0.13601406824003098,0.5339511922599488,1,length_only_baseline,60,28
casual_eval__360__34240e556b82,english,casual_eval,1,0,test,c202236235762e1c871ad0ccb60c8ee5ba337b9a,31,32,-0.16975016740117582,0.45766406893643585,0,length_only_baseline,91,30
casual_eval__384__629953af2c33,english,casual_eval,1,0,test,c202236235762e1c871ad0ccb60c8ee5ba337b9a,31,32,0.31339363101859374,0.5777133910978198,1,length_only_baseline,65,32
casual_eval__388__b9e5e11de671,english,casual_eval,1,0,test,c202236235762e1c871ad0ccb60c8ee5ba337b9a,31,32,0.22016335624623903,0.5548195836139843,1,length_only_baseline,143,48
casual_eval__399__e5032cba27ca,english,casual_eval,1,0,test,c202236235762e1c871ad0ccb60c8ee5ba337b9a,31,32,0.1344064959129099,0.533551130451378,1,length_only_baseline,265,74
casual_eval__407__0f3288ec831d,english,casual_eval,1,0,test,c202236235762e1c871ad0ccb60c8ee5ba337b9a,31,32,0.025206594422531627,0.5063013149690301,1,length_only_baseline,117,39
casual_eval__435__d65965dbb31b,english,casual_eval,1,0,test,c202236235762e1c871ad0ccb60c8ee5ba337b9a,31,32,0.11309258964825256,0.5282430515967707,1,length_only_baseline,222,64
casual_eval__454__40ae889d7d57,english,casual_eval,1,0,test,c202236235762e1c871ad0ccb60c8ee5ba337b9a,31,32,0.11699637529266559,0.529215775592491,1,length_only_baseline,146,47
casual_eval__459__2e86228b0b08,english,casual_eval,1,0,test,c202236235762e1c871ad0ccb60c8ee5ba337b9a,31,32,0.21761652529159686,0.554190442079668,1,length_only_baseline,161,52
casual_eval__463__747f2e5afce2,english,casual_eval,1,0,test,c202236235762e1c871ad0ccb60c8ee5ba337b9a,31,32,0.1884950477381136,0.5469847287944669,1,length_only_baseline,270,76
casual_eval__471__1822a4be7718,english,casual_eval,1,0,test,c202236235762e1c871ad0ccb60c8ee5ba337b9a,31,32,0.37860876528988685,0.5935375102646064,1,length_only_baseline,185,60
casual_eval__491__ce586cfa8ee6,english,casual_eval,1,0,test,c202236235762e1c871ad0ccb60c8ee5ba337b9a,31,32,0.5924161416360594,0.643919328545979,1,length_only_baseline,223,72
casual_eval__502__abc716884301,english,casual_eval,1,0,test,c202236235762e1c871ad0ccb60c8ee5ba337b9a,31,32,-0.07040343287956564,0.4824064082764741,0,length_only_baseline,115,37
casual_eval__535__d1ff6215cef9,english,casual_eval,1,0,test,c202236235762e1c871ad0ccb60c8ee5ba337b9a,31,32,0.04839901794223143,0.5120973931011492,1,length_only_baseline,534,133
casual_eval__563__fd5e28515e6c,english,casual_eval,1,0,test,c202236235762e1c871ad0ccb60c8ee5ba337b9a,31,32,-0.07422367931152869,0.4814525944340543,0,length_only_baseline,142,43
casual_eval__574__ee9ff7e88867,english,casual_eval,1,0,test,c202236235762e1c871ad0ccb60c8ee5ba337b9a,31,32,-0.02879841819022192,0.4928008929931845,0,length_only_baseline,63,26
casual_eval__577__a3f42f6be047,english,casual_eval,1,0,test,c202236235762e1c871ad0ccb60c8ee5ba337b9a,31,32,-0.1925045675680541,0.4520219309850047,0,length_only_baseline,155,44
casual_eval__580__ec615cc653e7,english,casual_eval,1,0,test,c202236235762e1c871ad0ccb60c8ee5ba337b9a,31,32,-0.05146927914465041,0.4871355200153562,0,length_only_baseline,78,29
casual_eval__588__5a72b2df4fc0,english,casual_eval,1,0,test,c202236235762e1c871ad0ccb60c8ee5ba337b9a,31,32,0.03403696355132861,0.5085084194761395,1,length_only_baseline,103,36
casual_eval__589__e48a729fb4ed,english,casual_eval,1,0,test,c202236235762e1c871ad0ccb60c8ee5ba337b9a,31,32,-0.39144865424862463,0.40336861538055246,0,length_only_baseline,254,63
casual_eval__598__8fb893d4dbe8,english,casual_eval,1,0,test,c202236235762e1c871ad0ccb60c8ee5ba337b9a,31,32,0.08184197720237725,0.5204490813928758,1,length_only_baseline,104,37
casual_eval__635__bbee0d50a754,english,casual_eval,1,0,test,c202236235762e1c871ad0ccb60c8ee5ba337b9a,31,32,0.09186222259604537,0.5229494193742255,1,length_only_baseline,130,43
casual_eval__639__6300cd137f97,english,casual_eval,1,0,test,c202236235762e1c871ad0ccb60c8ee5ba337b9a,31,32,0.21022665006502067,0.5523639512847454,1,length_only_baseline,68,31
casual_eval__642__8ecad910959a,english,casual_eval,1,0,test,c202236235762e1c871ad0ccb60c8ee5ba337b9a,31,32,0.20233553956374475,0.5504120145229817,1,length_only_baseline,269,76
casual_eval__643__6d2689ed64d7,english,casual_eval,1,0,test,c202236235762e1c871ad0ccb60c8ee5ba337b9a,31,32,0.0415939172028046,0.5103969803991711,1,length_only_baseline,98,35
casual_eval__670__6a534d943a6b,english,casual_eval,1,0,test,c202236235762e1c871ad0ccb60c8ee5ba337b9a,31,32,0.09432551433823733,0.5235639099049499,1,length_only_baseline,161,50
casual_eval__695__d27e4e2c3b2b,english,casual_eval,1,0,test,c202236235762e1c871ad0ccb60c8ee5ba337b9a,31,32,-0.11685149184084315,0.47082032175625455,0,length_only_baseline,56,23
casual_eval__710__9fd509b03bd0,english,casual_eval,1,0,test,c202236235762e1c871ad0ccb60c8ee5ba337b9a,31,32,-0.1986210273173091,0.45050734468264125,0,length_only_baseline,53,21
casual_eval__716__5b460b010ca3,english,casual_eval,1,0,test,c202236235762e1c871ad0ccb60c8ee5ba337b9a,31,32,-0.1847805354916781,0.45393585884827026,0,length_only_baseline,52,21
casual_eval__733__a824ebd0bcdd,english,casual_eval,1,0,test,c202236235762e1c871ad0ccb60c8ee5ba337b9a,31,32,0.05917111624794911,0.5147884645068795,1,length_only_baseline,119,40
casual_eval__739__94be8067de2d,english,casual_eval,1,0,test,c202236235762e1c871ad0ccb60c8ee5ba337b9a,31,32,-0.21788933790202453,0.4457421569071951,0,length_only_baseline,286,73
casual_eval__746__a4f006b9fafc,english,casual_eval,1,0,test,c202236235762e1c871ad0ccb60c8ee5ba337b9a,31,32,1.0001574819659684,0.7310895403370996,1,length_only_baseline,149,62
casual_eval__753__d7d9c6ed1b8c,english,casual_eval,1,0,test,c202236235762e1c871ad0ccb60c8ee5ba337b9a,31,32,-0.012578173834848787,0.4968554979989367,0,length_only_baseline,142,44
casual_eval__760__1cfadfdd0e29,english,casual_eval,1,0,test,c202236235762e1c871ad0ccb60c8ee5ba337b9a,31,32,0.19757603450426067,0.5492339534915752,1,length_only_baseline,109,40
casual_eval__763__9015413e8d25,english,casual_eval,1,0,test,c202236235762e1c871ad0ccb60c8ee5ba337b9a,31,32,-0.006211096448243815,0.4984472308797934,0,length_only_baseline,97,34
casual_eval__776__1e7be718c9ba,english,casual_eval,1,0,test,c202236235762e1c871ad0ccb60c8ee5ba337b9a,31,32,-0.2552564100971548,0.4365301431156965,0,length_only_baseline,66,23
casual_eval__778__ac398544f0a3,english,casual_eval,1,0,test,c202236235762e1c871ad0ccb60c8ee5ba337b9a,31,32,-0.10555783096985404,0.4736350185988509,0,length_only_baseline,73,27
casual_eval__790__8220cf0f83ca,english,casual_eval,1,0,test,c202236235762e1c871ad0ccb60c8ee5ba337b9a,31,32,0.03531037902864983,0.50882667766759,1,length_only_baseline,94,34
casual_eval__795__e22d0e890f15,english,casual_eval,1,0,test,c202236235762e1c871ad0ccb60c8ee5ba337b9a,31,32,0.28061898545804775,0.5696979699336272,1,length_only_baseline,103,40
casual_eval__797__93a1b9313efd,english,casual_eval,1,0,test,c202236235762e1c871ad0ccb60c8ee5ba337b9a,31,32,-0.1118413691440092,0.4720687664467106,0,length_only_baseline,69,26
casual_eval__801__269b53b04852,english,casual_eval,1,0,test,c202236235762e1c871ad0ccb60c8ee5ba337b9a,31,32,0.02002939330079745,0.5050071809293353,1,length_only_baseline,202,58
casual_eval__820__8e4ae02c2a96,english,casual_eval,1,0,test,c202236235762e1c871ad0ccb60c8ee5ba337b9a,31,32,-0.23012225740053463,0.4427219819387012,0,length_only_baseline,82,27
casual_eval__824__5747377f3015,english,casual_eval,1,0,test,c202236235762e1c871ad0ccb60c8ee5ba337b9a,31,32,-0.0828869700154259,0.47929011298013474,0,length_only_baseline,58,24
casual_eval__827__1b66f4ac0979,english,casual_eval,1,0,test,c202236235762e1c871ad0ccb60c8ee5ba337b9a,31,32,-0.3499271787717312,0.4134000801522059,0,length_only_baseline,251,63
casual_eval__844__299bfb0c8e80,english,casual_eval,1,0,test,c202236235762e1c871ad0ccb60c8ee5ba337b9a,31,32,-0.024038913130738117,0.49399056110373796,0,length_only_baseline,223,62
casual_eval__879__266157b70c4e,english,casual_eval,1,0,test,c202236235762e1c871ad0ccb60c8ee5ba337b9a,31,32,-0.030155372879993175,0.4924617280131233,0,length_only_baseline,121,39
casual_eval__893__3006ce008824,english,casual_eval,1,0,test,c202236235762e1c871ad0ccb60c8ee5ba337b9a,31,32,0.15486468276249601,0.5386389780976644,1,length_only_baseline,72,31
casual_eval__897__2782323c615c,english,casual_eval,1,0,test,c202236235762e1c871ad0ccb60c8ee5ba337b9a,31,32,0.08422172973211926,0.5210429952138973,1,length_only_baseline,184,55
casual_eval__907__7d725b2d1a6b,english,casual_eval,1,0,test,c202236235762e1c871ad0ccb60c8ee5ba337b9a,31,32,-0.12449198470476946,0.46891713763355114,0,length_only_baseline,110,35
casual_eval__909__40d4a5872c79,english,casual_eval,1,0,test,c202236235762e1c871ad0ccb60c8ee5ba337b9a,31,32,0.24402409346553816,0.5607050842703124,1,length_only_baseline,168,54
casual_eval__910__d41be2ebc5d4,english,casual_eval,1,0,test,c202236235762e1c871ad0ccb60c8ee5ba337b9a,31,32,0.01773317998350555,0.5044331788229387,1,length_only_baseline,73,29
casual_eval__930__751db5a937d2,english,casual_eval,1,0,test,c202236235762e1c871ad0ccb60c8ee5ba337b9a,31,32,-0.021325003751196017,0.49466895108778086,0,length_only_baseline,107,36
casual_eval__963__140e3abd243f,english,casual_eval,1,0,test,c202236235762e1c871ad0ccb60c8ee5ba337b9a,31,32,0.3611151054571928,0.5893103428180401,1,length_only_baseline,115,44
casual_eval__968__d63bf0511e52,english,casual_eval,1,0,test,c202236235762e1c871ad0ccb60c8ee5ba337b9a,31,32,0.3121202155412733,0.5774026971524591,1,length_only_baseline,74,34
casual_eval__973__beb86fb9ae19,english,casual_eval,1,0,test,c202236235762e1c871ad0ccb60c8ee5ba337b9a,31,32,-0.23394250383249768,0.4417796610268356,0,length_only_baseline,109,33
casual_eval__985__4b7fc14b8598,english,casual_eval,1,0,test,c202236235762e1c871ad0ccb60c8ee5ba337b9a,31,32,-0.0653097709702814,0.48367835832658623,0,length_only_baseline,79,29
casual_eval__997__2a4b40f0eea9,english,casual_eval,1,0,test,c202236235762e1c871ad0ccb60c8ee5ba337b9a,31,32,-0.24667665860570778,0.43864165500550417,0,length_only_baseline,199,53
casual_eval__1014__17b93032b6a6,english,casual_eval,1,0,test,c202236235762e1c871ad0ccb60c8ee5ba337b9a,31,32,0.07309514728603018,0.5182656549141286,1,length_only_baseline,69,29
casual_eval__1015__e3389f2c79e5,english,casual_eval,1,0,test,c202236235762e1c871ad0ccb60c8ee5ba337b9a,31,32,0.24164434093579615,0.5601188313659667,1,length_only_baseline,88,36
casual_eval__1042__2bf85825d4e1,english,casual_eval,1,0,test,c202236235762e1c871ad0ccb60c8ee5ba337b9a,31,32,0.03403696355132861,0.5085084194761395,1,length_only_baseline,103,36
casual_eval__1048__3649249823ef,english,casual_eval,1,0,test,c202236235762e1c871ad0ccb60c8ee5ba337b9a,31,32,0.024016718157660717,0.5060038909537878,1,length_only_baseline,77,30
casual_eval__1059__008c015371ce,english,casual_eval,1,0,test,c202236235762e1c871ad0ccb60c8ee5ba337b9a,31,32,-0.18995773661341206,0.45265285293855745,0,length_only_baseline,137,40
casual_eval__1060__e5e5e109a49b,english,casual_eval,1,0,test,c202236235762e1c871ad0ccb60c8ee5ba337b9a,31,32,-0.027525002712901266,0.4931191837399348,0,length_only_baseline,54,24
casual_eval__1064__f88685cf23c9,english,casual_eval,1,0,test,c202236235762e1c871ad0ccb60c8ee5ba337b9a,31,32,0.013745855126642375,0.5034364096731171,1,length_only_baseline,198,57
casual_eval__1065__a224e86157fc,english,casual_eval,1,0,test,c202236235762e1c871ad0ccb60c8ee5ba337b9a,31,32,0.1283735753761049,0.5320493920311943,1,length_only_baseline,114,40
