source_id,rewritten_stable_id,original_stable_id,rewritten_split,original_split,crosses_train_test
10719,bench_deploy__149__fd6cabde1549,casual_deploy__766__5343e7f881fe,train,test,True
1162,bench_deploy__805__db47c4eba28e,casual_deploy__977__8ab7a5c580d2,test,train,True
13093,bench_deploy__704__35ee7a8034fb,casual_deploy__445__e0aba3447aba,test,test,False
1489,bench_deploy__517__678579ddc5ed,casual_deploy__861__8f2780d3b8b1,test,train,True
16339,bench_deploy__481__3f20830ce23a,casual_deploy__502__289f85f92f30,test,test,False
16738,bench_deploy__37__37389092175d,casual_deploy__1029__d5ac5302bca4,test,train,True
16815,bench_deploy__77__c6356417470e,casual_deploy__269__c3a659ccdb30,test,train,True
18738,bench_deploy__660__d76705c4858f,casual_deploy__600__fca4495e8fe6,train,train,False
21060,bench_deploy__822__322ce711d8c6,casual_deploy__167__8d4335f0d931,test,train,True
21414,bench_deploy__707__444f0ffda198,casual_deploy__816__6bdc7cf2ff7e,test,test,False
21662,bench_deploy__600__648db27eaaad,casual_deploy__965__dbdc5b24ca95,train,train,False
21736,bench_deploy__573__4f6cdef41eb4,casual_deploy__911__a46d0818183c,train,train,False
23129,bench_deploy__671__af5e6c6d2d1f,casual_deploy__781__56c707d316d5,train,train,False
23304,bench_deploy__128__944b8bce358f,casual_deploy__914__b71634f78267,train,train,False
23664,bench_deploy__6__d0815cce7dc7,casual_deploy__296__97c06b6358a2,train,train,False
23916,bench_deploy__276__77df52776241,casual_deploy__303__48f41790972b,train,train,False
24955,bench_deploy__246__f9bae799f4c3,casual_deploy__434__fe9a5fb81d00,train,test,True
26633,bench_deploy__331__46cffab82a32,casual_deploy__280__1490fa9c2599,test,train,True
30319,bench_deploy__608__2e8eb478fda1,casual_deploy__198__a052256b4e06,test,train,True
32444,bench_deploy__741__6c8c8cd53349,casual_deploy__1071__9ddf81f0c34c,train,train,False
34897,bench_deploy__288__a08eea54a169,casual_deploy__239__50ddbdf97d2f,train,test,True
35575,bench_deploy__587__42980e0512b0,casual_deploy__290__5733f642fd9e,train,train,False
35808,bench_deploy__358__8bbecdeb4bb7,casual_deploy__164__2271373c847a,train,test,True
36757,bench_deploy__144__9759c8c5ec3f,casual_deploy__41__abd827302bed,train,test,True
36931,bench_deploy__396__821845205973,casual_deploy__566__7f91757d1f12,test,train,True
38025,bench_deploy__811__158126c453d3,casual_deploy__726__0dc13b0f139d,test,train,True
3933,bench_deploy__743__66c8938eb5de,casual_deploy__806__e100cf59ec7e,test,train,True
40188,bench_deploy__699__f3232a65edc4,casual_deploy__497__768d21676b9b,train,train,False
40875,bench_deploy__586__f10aa01ee9e0,casual_deploy__692__93502705dab9,train,test,True
41155,bench_deploy__620__e171cec3777e,casual_deploy__488__ae52464a7fa4,train,train,False
43951,bench_deploy__485__de8d242e7d7a,casual_deploy__1024__a2a2d7a42f48,train,test,True
46211,bench_deploy__269__6d309301feca,casual_deploy__895__c5f3b19e5b03,train,train,False
47256,bench_deploy__751__91d7b6a65c50,casual_deploy__430__7a22a32965a2,train,train,False
47521,bench_deploy__688__bf52199100a3,casual_deploy__7__c0f2647cf7b8,test,train,True
48195,bench_deploy__594__0a795c7d2d82,casual_deploy__571__5edafdcc6431,test,train,True
48322,bench_deploy__476__9819b6084463,casual_deploy__46__7a85774b2a79,train,train,False
49304,bench_deploy__352__61a9f7af9fdb,casual_deploy__113__70dbfa2922cf,train,train,False
49792,bench_deploy__371__d4bb876f20bf,casual_deploy__928__e63094373dbc,train,train,False
6377,bench_deploy__187__69e7e1a26f13,casual_deploy__748__f8a091f84edc,test,train,True
71,bench_deploy__820__0841164b1f3e,casual_deploy__370__34cfad7b56cd,test,train,True
8044,bench_deploy__596__24d9748e6110,casual_deploy__323__c9ad884888a3,train,train,False
834,bench_deploy__150__a89ef1c9799b,casual_deploy__711__61e47c0b69d9,train,train,False
8988,bench_deploy__218__48720c051044,casual_deploy__404__193286bdcd20,train,train,False
